Update Id,Revision Number,Title,KB Articles,Security Bulletin,Has Superseded Updates,Creation Date,Declined Reason
24ab9973-0b08-4768-a992-c187688022c1,200,"2019-06 Servicing Stack Update for Windows 10 Version 1903 for x64-based Systems (KB4506933)",4506933,,True,06/27/2019 17:00:06,Superseded
e3ca4a33-dc81-4b84-a0f1-db2c47fc02ca,200,"2019-06 Cumulative Update for Windows 10 Version 1903 for x86-based Systems (KB4501375)",4501375,,True,06/27/2019 17:00:06,Superseded
1e53c8f0-efce-455f-bf0b-09878d0dde10,200,"2019-06 Servicing Stack Update for Windows 10 Version 1903 for x86-based Systems (KB4506933)",4506933,,True,06/27/2019 17:00:06,Superseded
e3a94bad-bad9-4595-b020-72a90e3566f3,200,"2019-06 Cumulative Update for Windows 10 Version 1903 for x64-based Systems (KB4501375)",4501375,,True,06/27/2019 17:00:06,Superseded
846e1104-f40e-4ca3-9f2f-445f0eda6b20,200,"2019-09 Cumulative Update for .NET Framework 3.5 and 4.8 for Windows 10 Version 1903 for x64 (KB4514359)",4514359,,True,09/10/2019 17:00:00,Superseded
08ef104f-5907-4afd-9cc2-80c6e5009e52,200,"2019-05 Cumulative Update for Windows 10 Version 1903 for x64-based Systems (KB4505057)",4505057,,True,05/20/2019 21:00:06,Superseded
b307c4b3-1dd0-4220-8587-9acc06852dcb,200,"2019-08 Cumulative Update for Windows 10 Version 1903 for x64-based Systems (KB4512941)",4512941,,True,08/30/2019 17:00:06,Superseded
bb06ce9e-792e-4a45-8995-e082876a9f2f,200,"2019-04 Cumulative Update for Windows 10 Version 1903 for x64-based Systems (KB4497093)",4497093,,True,05/01/2019 17:00:06,Superseded
cef5584d-27df-43e6-a90e-ad56ffa154d3,203,"2019-07 Servicing Stack Update for Windows 10 Version 1903 for x64-based Systems (KB4508433)",4508433,,True,07/26/2019 21:00:06,Superseded
41778df6-e0f4-47f7-8608-53a90845505f,201,"2019-08 Servicing Stack Update for Windows 10 Version 1903 for ARM64-based Systems (KB4515530)",4515530,,True,08/30/2019 17:00:06,Superseded
b34c42f1-ef8c-4882-b18e-97c9c37c14d6,203,"2019-07 Servicing Stack Update for Windows 10 Version 1903 for x86-based Systems (KB4508433)",4508433,,True,07/26/2019 21:00:06,Superseded
a5849a4e-9831-4ea8-a648-29b2433bcef6,200,"2019-07 Servicing Stack Update for Windows 10 Version 1903 for x64-based Systems (KB4509096)",4509096,,True,07/09/2019 17:00:06,Superseded
71ee0c9b-0e81-419e-8d54-7d93c19f3717,202,"2019-04 Servicing Stack Update for Windows 10 Version 1903 for x86-based Systems (KB4498524)",4498524,,False,05/01/2019 17:00:06,Superseded
60f479fb-479b-4529-8cf1-ad7f36811704,200,"2019-07 Cumulative Update for .NET Framework 3.5, 4.8 for Windows 10 Version 1903 for x64 (KB4506991)",4506991,,True,07/09/2019 17:00:00,Superseded
99dd52a6-9791-49ca-aacd-a6f80f860f94,200,"2019-05 Cumulative Update for Windows 10 Version 1903 for x86-based Systems (KB4497935)",4497935,,True,05/29/2019 21:00:06,Superseded
bfe9673c-227e-4834-a78c-26d8bda32b76,201,"2019-08 Cumulative Update for .NET Framework 3.5 and 4.8 for Windows 10 Version 1903 (KB4511555)",4511555,,True,08/30/2019 17:00:00,Superseded
c74f2257-2870-4196-b748-4263df0c987a,200,"2019-05 Cumulative Update for Windows 10 Version 1903 for x86-based Systems (KB4505057)",4505057,,True,05/20/2019 21:00:06,Superseded
4a8e4183-ef34-45ce-9aed-2bb217c09866,201,"2019-08 Cumulative Update for .NET Framework 3.5 and 4.8 for Windows 10 Version 1903 for x64 (KB4511555)",4511555,,True,08/30/2019 17:00:00,Superseded
2c86b331-2df0-427f-a14d-854f742fc122,201,"2019-06 Cumulative Update for .NET Framework 3.5 and 4.8 for Windows 10 Version 1903 for x64 (KB4502584)",4502584,,False,06/27/2019 17:00:00,Superseded
cd54d7d6-53c6-4c30-84ec-2b63cc678901,200,"2019-06 Cumulative Update for Windows 10 Version 1903 for ARM64-based Systems (KB4501375)",4501375,,True,06/27/2019 17:00:06,Superseded
01301843-6f2b-4267-bbb2-990e6b4cc220,200,"2019-05 Cumulative Update for .NET Framework 3.5 and 4.8 for Windows 10 version 1903 (KB4495620)",4495620,,False,05/14/2019 17:00:00,Superseded
db45ebde-065b-4fab-81c7-818561de1d01,200,"2019-06 Servicing Stack Update for Windows 10 Version 1903 for ARM64-based Systems (KB4506933)",4506933,,True,06/27/2019 17:00:06,Superseded
e3c51f1d-62eb-41e9-8501-91133322f096,201,"2019-06 Cumulative Update for .NET Framework 3.5 and 4.8 for Windows 10 Version 1903 (KB4502584)",4502584,,False,06/27/2019 17:00:00,Superseded
c945dc56-0c32-4816-b738-c98e77c03d50,200,"2019-07 Servicing Stack Update for Windows 10 Version 1903 for x86-based Systems (KB4509096)",4509096,,True,07/09/2019 17:00:06,Superseded
ece422b0-873e-4c15-afe2-81bbc7fa7889,200,"2019-05 Cumulative Update for .NET Framework 3.5 and 4.8 for Windows 10 version 1903 for x64 (KB4495620)",4495620,,False,05/14/2019 17:00:00,Superseded
9a0a3487-4897-4999-bbe1-f30f39657c01,200,"2019-05 Cumulative Update for Windows 10 Version 1903 for ARM64-based Systems (KB4497935)",4497935,,True,05/29/2019 21:00:06,Superseded
41a6b6d6-6976-49b5-a4c4-0121dc96189c,200,"2019-05 Servicing Stack Update for Windows 10 Version 1903 for x86-based Systems (KB4498523)",4498523,,True,05/29/2019 21:00:06,Superseded
1bca2308-4359-4e8d-9278-5ead311a0f2e,200,"2019-05 Servicing Stack Update for Windows 10 Version 1903 for x64-based Systems (KB4498523)",4498523,,True,05/29/2019 21:00:06,Superseded
9caf5548-091e-4c46-8e00-4777b3ccaa6d,200,"2019-07 Servicing Stack Update for Windows 10 Version 1903 for ARM64-based Systems (KB4509096)",4509096,,True,07/09/2019 17:00:06,Superseded
74884db0-443e-49db-ba98-5ff8f60df759,200,"2019-08 Cumulative Update for Windows 10 Version 1903 for ARM64-based Systems (KB4512941)",4512941,,True,08/30/2019 17:00:06,Superseded
41325597-7968-4eeb-8113-6411cbbe8c90,200,"2019-05 Servicing Stack Update for Windows 10 Version 1903 for x86-based Systems (KB4500109)",4500109,,True,05/14/2019 17:00:06,Superseded
75d7ff7f-0563-4180-8096-46333f72c17d,200,"2019-08 Cumulative Update for Windows 10 Version 1903 for x86-based Systems (KB4512941)",4512941,,True,08/30/2019 17:00:06,Superseded
4da8ffdd-7c52-4868-a1c5-cdd7a0c1f518,201,"2019-08 Servicing Stack Update for Windows 10 Version 1903 for x64-based Systems (KB4515530)",4515530,,True,08/30/2019 17:00:06,Superseded
86078dd5-aaf5-4135-a9c4-215fcd865d06,200,"2019-04 Cumulative Update for Windows 10 Version 1903 for ARM64-based Systems (KB4497093)",4497093,,True,05/01/2019 17:00:06,Superseded
d1d399c6-3a78-436e-a3f2-7962fee86ad1,200,"2019-05 Servicing Stack Update for Windows 10 Version 1903 for ARM64-based Systems (KB4498523)",4498523,,True,05/29/2019 21:00:06,Superseded
b342d419-b70c-45d0-a52c-2c9830f4764d,200,"2019-04 Cumulative Update for Windows 10 Version 1903 for x86-based Systems (KB4497093)",4497093,,True,05/01/2019 17:00:06,Superseded
f01db03f-d4c5-47e1-8b25-7606d1921463,200,"2019-09 Cumulative Update for .NET Framework 3.5 and 4.8 for Windows 10 Version 1903 (KB4514359)",4514359,,True,09/10/2019 17:00:00,Superseded
9bcb4427-f379-41c7-bfbb-29b4e387f213,200,"2019-05 Cumulative Update for Windows 10 Version 1903 for x64-based Systems (KB4497935)",4497935,,True,05/29/2019 21:00:06,Superseded
0e62e26b-cea1-496a-87f1-5f6eb9add4be,203,"2019-07 Cumulative Update for Windows 10 Version 1903 for x64-based Systems (KB4505903)",4505903,,True,07/26/2019 21:00:06,Superseded
0e8cbd1b-76e2-4e63-a6ec-876e76ebb059,200,"2019-05 Cumulative Update for Windows 10 Version 1903 for ARM64-based Systems (KB4505057)",4505057,,True,05/20/2019 21:00:06,Superseded
6cb69c7f-ae34-4da5-a4fb-0348866fd425,202,"2019-04 Servicing Stack Update for Windows 10 Version 1903 for x64-based Systems (KB4498524)",4498524,,False,05/01/2019 17:00:06,Superseded
e5a17c5e-0217-46d3-9543-ee4bc900da1d,200,"2019-05 Servicing Stack Update for Windows 10 Version 1903 for ARM64-based Systems (KB4500109)",4500109,,True,05/14/2019 17:00:06,Superseded
e9be9c94-bb6e-4baa-88fa-0bbe1328b6ae,203,"2019-07 Cumulative Update for Windows 10 Version 1903 for ARM64-based Systems (KB4505903)",4505903,,True,07/26/2019 21:00:06,Superseded
85803723-acdb-4fae-b018-9597193281a4,200,"2019-05 Servicing Stack Update for Windows 10 Version 1903 for x64-based Systems (KB4500109)",4500109,,True,05/14/2019 17:00:06,Superseded
500940a6-7bfe-419f-9a16-a03f54b1513b,201,"2019-08 Servicing Stack Update for Windows 10 Version 1903 for x86-based Systems (KB4515530)",4515530,,True,08/30/2019 17:00:06,Superseded
e0ff3d94-1fe2-4cfc-a672-c845666dc559,200,"2019-07 Cumulative Update for .NET Framework 3.5, 4.8 for Windows 10 Version 1903 (KB4506991)",4506991,,True,07/09/2019 17:00:00,Superseded
c38a59d9-95b2-437e-a718-6da1673583dc,203,"2019-07 Servicing Stack Update for Windows 10 Version 1903 for ARM64-based Systems (KB4508433)",4508433,,True,07/26/2019 21:00:06,Superseded
ea31d281-9a0a-4b67-aa6f-8d06564e8485,203,"2019-07 Cumulative Update for Windows 10 Version 1903 for x86-based Systems (KB4505903)",4505903,,True,07/26/2019 21:00:06,Superseded
39a026d7-dcb6-484a-b0c0-4e105e2c17d1,202,"2019-04 Servicing Stack Update for Windows 10 Version 1903 for ARM64-based Systems (KB4498524)",4498524,,False,05/01/2019 17:00:06,Superseded
73b19c9a-40d7-4fe9-9bd6-3fe016e70801,200,"2019-10 Cumulative Update for .NET Framework 3.5 and 4.8 for Windows 10 Version 1903 (KB4524100)",4515871,,True,10/08/2019 17:00:00,Superseded
56f74c2f-f41b-4484-8172-6a136360031b,200,"2019-12 Cumulative Update for Windows 10 Version 1909 for x86-based Systems (KB4530684)",4530684,,True,12/10/2019 18:00:06,Superseded
3aad321c-27a1-47cc-8ecd-fdce6be9b36c,200,"2019-12 Cumulative Update for Windows 10 Version 1909 for ARM64-based Systems (KB4530684)",4530684,,True,12/10/2019 18:00:06,Superseded
bb3f5eb0-a6b4-429a-83b7-5c9ae5a5eefc,200,"2019-11 Cumulative Update for Windows 10 Version 1909 for x86-based Systems (KB4524570)",4524570,,False,11/12/2019 18:00:06,Superseded
bd5f1a22-b043-43ed-944c-836d65afe02d,200,"2019-09 Servicing Stack Update for Windows 10 Version 1903 for x86-based Systems (KB4515383)",4515383,,True,09/10/2019 17:00:06,Superseded
a56e93b7-b1af-4956-b9ad-bd8374642b8f,200,"2019-12 Cumulative Update for .NET Framework 3.5 and 4.8 for Windows 10 Version 1903 for x64 (KB4533002)",4533002,,True,12/10/2019 18:00:00,Superseded
e90aab59-27c8-418c-a0c9-2d30dd7afb6d,200,"2019-10 Servicing Stack Update for Windows 10 Version 1903 for ARM64-based Systems (KB4521863)",4521863,,True,10/08/2019 17:00:06,Superseded
c257caa6-50e0-4277-a22a-0285863e3317,200,"2019-11 Servicing Stack Update for Windows 10 Version 1903 for ARM64-based Systems (KB4524569)",4524569,,True,11/12/2019 18:00:06,Superseded
92a59246-ab61-4016-822d-08e8bd6b20be,200,"2019-11 Cumulative Update for Windows 10 Version 1903 for ARM64-based Systems (KB4524570)",4524570,,True,11/12/2019 18:00:06,Superseded
5c400e97-567b-460d-bdbd-b8f6ad298c9c,200,"2019-10 Cumulative Update for Windows 10 Version 1903 for x86-based Systems (KB4517389)",4517389,,True,10/08/2019 17:00:06,Superseded
ce36ff81-c1f3-4022-ae29-980d7649600a,200,"2019-11 Cumulative Update for Windows 10 Version 1903 for x86-based Systems (KB4524570)",4524570,,True,11/12/2019 18:00:06,Superseded
d64da88d-73de-4c6b-a363-b6ab0cd03a1f,201,"Feature Update to Windows 10 Version 1909 x86-based systems 2019-11 via Enablement Package",4517245,,False,11/12/2019 18:00:00,Windows 10 Version: 1909
b0068bcb-65ab-4239-9085-7337ffc8cbb9,200,"2019-10 Servicing Stack Update for Windows 10 Version 1903 for x64-based Systems (KB4521863)",4521863,,True,10/08/2019 17:00:06,Superseded
716af4a3-41c4-4354-955a-bece42f655e1,201,"2019-09 Cumulative Update for Windows 10 Version 1903 for x86-based Systems (KB4517211)",4517211,,True,09/26/2019 21:00:06,Superseded
fcd98fa1-a6b0-4613-8efd-ea8019bdd6e3,201,"2019-10 Cumulative Update for .NET Framework 3.5 and 4.8 for Windows 10 Version 1903 for x64 (KB4522741)",4519573,,True,10/24/2019 17:00:00,Superseded
aadc82d8-c1f5-41c0-8441-e0f7ab59ee01,201,"Feature Update to Windows 10 Version 1909 ARM64-based systems 2019-11 via Enablement Package",4517245,,False,11/12/2019 18:00:00,Windows 10 Version: 1909
f59aa02c-0208-4df3-a467-49e20ee6cc45,200,"Update for Windows 10 Version 1903 (KB4516421)",4516421,,False,09/05/2019 17:00:00,Windows 10 Version: 1903
5429d43c-e116-4318-8098-efdf447f590a,201,"2019-10 Cumulative Update for .NET Framework 3.5 and 4.8 for Windows 10 Version 1903 (KB4522741)",4519573,,True,10/24/2019 17:00:00,Superseded
97a1bf5e-7ad0-4438-a723-bdcbeab3069d,200,"2019-09 Cumulative Update for .NET Framework 3.5 and 4.8 for Windows 10 Version 1903 (KB4522738)",4515871,,True,09/26/2019 17:00:00,Superseded
180b9c7c-20c2-44cb-bfd5-e6ba97f06c51,201,"2019-10 Servicing Stack Update for Windows 10 Version 1903 for x64-based Systems (KB4525419)",4525419,,True,10/24/2019 17:00:06,Superseded
bf3ceb0f-a137-4fd0-b155-d6e16e0f55ee,200,"2019-11 Servicing Stack Update for Windows 10 Version 1903 for x86-based Systems (KB4524569)",4524569,,True,11/12/2019 18:00:06,Superseded
22844281-e738-4ca8-bbb5-768d6b764e6f,200,"2019-09 Servicing Stack Update for Windows 10 Version 1903 for ARM64-based Systems (KB4515383)",4515383,,True,09/10/2019 17:00:06,Superseded
3366e6b4-a8fa-492a-b1cc-c73dd0819176,200,"2019-10 Cumulative Update for .NET Framework 3.5 and 4.8 for Windows 10 Version 1903 for x64 (KB4524100)",4515871,,True,10/08/2019 17:00:00,Superseded
613b0e8e-21ae-4fbb-9751-879d871a68e2,200,"Feature Update to Windows 10 Version 1909 x64-based systems 2019-11 via Enablement Package",4517245,,False,11/12/2019 18:00:00,Windows 10 Version: 1909
2646ab20-fc42-4087-bda0-91a5b92eaed3,200,"2019-10 Cumulative Update for Windows 10 Version 1903 for x64-based Systems (KB4522355)",4522355,,True,10/24/2019 17:00:06,Superseded
cb3820de-a806-4199-b8ca-12eb531b25f2,200,"2019-09 Servicing Stack Update for Windows 10 Version 1903 for x64-based Systems (KB4515383)",4515383,,True,09/10/2019 17:00:06,Superseded
a33730f4-27d7-43ca-9e0f-7d55dc65672e,200,"2019-09 Servicing Stack Update for Windows 10 Version 1903 for ARM64-based Systems (KB4520390)",4520390,,True,09/26/2019 21:00:06,Superseded
7d3c8ac0-de3f-4cdb-8962-a810eab2307a,201,"2019-10 Servicing Stack Update for Windows 10 Version 1903 for x86-based Systems (KB4525419)",4525419,,True,10/24/2019 17:00:06,Superseded
af0c14d2-ca3c-4734-b7df-fb681347db92,200,"2019-12 Cumulative Update for Windows 10 Version 1909 for x64-based Systems (KB4530684)",4530684,,True,12/10/2019 18:00:06,Superseded
3e58c3cc-8672-4c7f-9d77-8d0019d3aacc,200,"2019-11 Cumulative Update for Windows 10 Version 1909 for ARM64-based Systems (KB4524570)",4524570,,False,11/12/2019 18:00:06,Superseded
b2839804-4451-49e3-a16d-fd07653548ce,201,"2019-11 Servicing Stack Update for Windows 10 Version 1909 for x86-based Systems (KB4524569)",4524569,,False,11/12/2019 18:00:06,Superseded
29c1ec74-1dd6-400c-a4fe-28af68ababa8,200,"2019-11 Cumulative Update for Windows 10 Version 1903 for x64-based Systems (KB4524570)",4524570,,True,11/12/2019 18:00:06,Superseded
31a22b64-0c9e-4323-88b7-140a81ff61fd,201,"2019-11 Servicing Stack Update for Windows 10 Version 1909 for ARM64-based Systems (KB4524569)",4524569,,False,11/12/2019 18:00:06,Superseded
1e80e1c0-ee36-40e9-8610-b70f9d0a2e59,200,"2019-11 Servicing Stack Update for Windows 10 Version 1903 for x64-based Systems (KB4524569)",4524569,,True,11/12/2019 18:00:06,Superseded
7e6a1102-2177-42a9-97d7-91e9edac7eb1,200,"2019-10 Cumulative Update for Windows 10 Version 1903 for ARM64-based Systems (KB4522355)",4522355,,True,10/24/2019 17:00:06,Superseded
83885314-e67f-4a06-9576-ca1517e4ba2b,201,"2019-10 Servicing Stack Update for Windows 10 Version 1903 for ARM64-based Systems (KB4525419)",4525419,,True,10/24/2019 17:00:06,Superseded
35f6c3c4-698e-4da1-a9ec-1889ab267b07,201,"2019-09 Cumulative Update for Windows 10 Version 1903 for ARM64-based Systems (KB4517211)",4517211,,True,09/26/2019 21:00:06,Superseded
8b6b57fd-e688-4c86-8e18-116d4d723f75,201,"2019-11 Servicing Stack Update for Windows 10 Version 1909 for x64-based Systems (KB4524569)",4524569,,False,11/12/2019 18:00:06,Superseded
22311b8b-723b-4656-8268-2ae143d832e0,200,"2019-09 Cumulative Update for .NET Framework 3.5 and 4.8 for Windows 10 Version 1903 for x64 (KB4522738)",4515871,,True,09/26/2019 17:00:00,Superseded
c212c2c4-0634-4afb-8350-7917200bf427,200,"2019-09 Servicing Stack Update for Windows 10 Version 1903 for x64-based Systems (KB4520390)",4520390,,True,09/26/2019 21:00:06,Superseded
1e28d9d0-c7e9-47fb-be7a-f6c7cf6c9d93,200,"2019-12 Cumulative Update for .NET Framework 3.5 and 4.8 for Windows 10 Version 1903 (KB4533002)",4533002,,True,12/10/2019 18:00:00,Superseded
537f6d1a-6a65-43a7-8f77-e2ece9811d47,200,"2019-11 Cumulative Update for Windows 10 Version 1909 for x64-based Systems (KB4524570)",4524570,,False,11/12/2019 18:00:06,Superseded
c19c0596-5fcf-4b14-83f0-994f5292655f,200,"Update for Windows 10 Version 1903 for ARM64-based Systems (KB4516421)",4516421,,False,09/05/2019 17:00:00,Windows 10 Version: 1903
7f6753f9-eeb5-4d82-ab68-2291513f26a9,200,"Update for Windows 10 Version 1903 for x64-based Systems (KB4516421)",4516421,,False,09/05/2019 17:00:00,Windows 10 Version: 1903
759bad3b-befa-4941-9277-826b9cb68b70,201,"2019-09 Cumulative Update for Windows 10 Version 1903 for x64-based Systems (KB4517211)",4517211,,True,09/26/2019 21:00:06,Superseded
b772c442-f33b-42f3-b4fd-6780110d6a53,200,"2019-10 Cumulative Update for Windows 10 Version 1903 for x64-based Systems (KB4517389)",4517389,,True,10/08/2019 17:00:06,Superseded
d561c1a2-8a66-4865-8d77-e694eb16f6af,200,"2019-10 Servicing Stack Update for Windows 10 Version 1903 for x86-based Systems (KB4521863)",4521863,,True,10/08/2019 17:00:06,Superseded
a41f63ea-4f3b-4fe5-a392-0912212c0473,200,"2019-10 Cumulative Update for Windows 10 Version 1903 for x86-based Systems (KB4522355)",4522355,,True,10/24/2019 17:00:06,Superseded
2e219470-9e1d-40e9-9f69-084c27486f31,200,"2019-09 Servicing Stack Update for Windows 10 Version 1903 for x86-based Systems (KB4520390)",4520390,,True,09/26/2019 21:00:06,Superseded
a1fa45f7-5792-464f-a02f-a67260534efd,200,"2019-10 Cumulative Update for Windows 10 Version 1903 for ARM64-based Systems (KB4517389)",4517389,,True,10/08/2019 17:00:06,Superseded
38d2484b-4230-4d53-990b-5655590c3fe9,200,"2020-02 Cumulative Update for .NET Framework 3.5 and 4.8 for Windows 10 Version 1903 (KB4534132)",4534132,,True,02/11/2020 18:00:00,Superseded
f684441f-5d0c-49bd-9052-8a3460c16669,200,"2020-01 Cumulative Update for .NET Framework 3.5 and 4.8 for Windows 10 Version 1903 for x64 (KB4534132)",4534132,,True,01/28/2020 18:00:00,Superseded
d5c1077c-cfe3-4962-adec-b915a5e67923,200,"2020-01 Cumulative Update for .NET Framework 3.5 and 4.8 for Windows 10 Version 1909 (KB4534132)",4534132,,True,01/28/2020 18:00:00,Superseded
df3a1ccc-7be0-4039-b207-682bfcdf5de9,200,"2020-01 Cumulative Update for Windows 10 Version 1903 for x64-based Systems (KB4532695)",4532695,,True,01/28/2020 18:00:06,Superseded
cee7be5e-7008-4e2d-bdac-dd655923e50d,200,"2020-01 Cumulative Update for Windows 10 Version 1909 for x64-based Systems (KB4532695)",4532695,,True,01/28/2020 18:00:06,Superseded
3741f517-765e-40e7-a8af-18f650246b66,200,"2020-02 Cumulative Update for .NET Framework 3.5 and 4.8 for Windows 10 Version 1909 (KB4534132)",4534132,,True,02/11/2020 18:00:00,Superseded
8fe25a3d-621f-4fe7-8904-52ec0757d216,200,"2020-01 Cumulative Update for .NET Framework 3.5 and 4.8 for Windows 10 Version 1903 (KB4534132)",4534132,,True,01/28/2020 18:00:00,Superseded
49d65e83-c6aa-4a1f-9764-4828bb8e0eb6,200,"2020-02 Cumulative Update for Windows 10 Version 1903 for x64-based Systems (KB4535996)",4535996,,True,02/27/2020 22:00:06,Superseded
c375b2cc-874d-4a44-b683-8ba136230c6d,200,"2020-01 Cumulative Update for .NET Framework 3.5 and 4.8 for Windows 10 Version 1903 (KB4532938)",4532938,,True,01/14/2020 18:00:00,Superseded
a7de98a7-b241-40dd-8cfb-0dcd9e3a3383,200,"Update for Windows 10 Version 1909 (KB4516421)",4516421,,False,02/25/2020 18:00:00,Windows 10 Version: 1909
d9c8f3c9-11bc-4b42-9919-157b07d43177,200,"Update for Windows 10 Version 1909 for x64-based Systems (KB4516421)",4516421,,False,02/25/2020 18:00:00,Windows 10 Version: 1909
0b4acda9-369c-4ffd-b1ec-792428aff755,200,"2020-02 Cumulative Update for Windows 10 Version 1909 for x86-based Systems (KB4532693)",4532693,,True,02/11/2020 18:00:06,Superseded
4fc6a420-bcf1-41ef-90bf-0858cf921d59,202,"2020-02 Cumulative Update for .NET Framework 3.5 and 4.8 for Windows 10 Version 1903 (KB4537572)",4537572,,True,02/27/2020 22:00:00,Superseded
17af488c-2d5f-463c-8a65-13e0a45eb321,200,"2020-02 Servicing Stack Update for Windows 10 Version 1909 for ARM64-based Systems (KB4538674)",4538674,,True,02/11/2020 18:00:06,Superseded
ec3ac391-53b3-4991-8d34-3145d2f76d92,200,"2020-01 Servicing Stack Update for Windows 10 Version 1903 for ARM64-based Systems (KB4528759)",4528759,,True,01/14/2020 18:00:06,Superseded
26ac5542-3fc3-443a-9e01-ba1108d88d00,200,"2020-01 Servicing Stack Update for Windows 10 Version 1903 for x64-based Systems (KB4528759)",4528759,,True,01/14/2020 18:00:06,Superseded
0765cf38-e093-4e0a-87e8-aee7cc24862f,202,"2020-01 Cumulative Update for Windows 10 Version 1909 for x64-based Systems (KB4528760)",4528760,,True,01/14/2020 18:00:06,Superseded
d2e1c3bd-bf3b-4396-b9a7-a5e08cbaa117,200,"2020-01 Cumulative Update for .NET Framework 3.5 and 4.8 for Windows 10 Version 1903 for x64 (KB4532938)",4532938,,True,01/14/2020 18:00:00,Superseded
841e44fc-05c4-4d3d-b71d-bd8c08d71577,200,"2020-02 Cumulative Update for Windows 10 Version 1903 for x86-based Systems (KB4535996)",4535996,,True,02/27/2020 22:00:06,Superseded
49be068c-92eb-45dd-b704-4001452e4fc2,201,"2019-12 Cumulative Update for .NET Framework 3.5 and 4.8 for Windows 10 Version 1909 for x64 (KB4533002)",4533002,,False,12/11/2019 22:00:00,Superseded
c23e33bc-c2d1-48ac-a7dd-18c6b988a87c,200,"2020-02 Cumulative Update for Windows 10 Version 1909 for ARM64-based Systems (KB4535996)",4535996,,True,02/27/2020 22:00:06,Superseded
72066031-108b-43d6-94e3-4569680ce828,201,"2019-12 Cumulative Update for .NET Framework 3.5 and 4.8 for Windows 10 Version 1909 (KB4533002)",4533002,,False,12/11/2019 22:00:00,Superseded
7af3c76d-a90d-4b75-988d-b294d9f74f88,200,"2020-01 Cumulative Update for Windows 10 Version 1909 for x86-based Systems (KB4532695)",4532695,,True,01/28/2020 18:00:06,Superseded
977bc5b6-de7b-48e1-ac6b-2bfda8c3168d,200,"2020-01 Cumulative Update for Windows 10 Version 1903 for x86-based Systems (KB4532695)",4532695,,True,01/28/2020 18:00:06,Superseded
111779ce-6288-470e-a461-09566949c08b,200,"2020-01 Cumulative Update for .NET Framework 3.5 and 4.8 for Windows 10 Version 1909 (KB4532938)",4532938,,True,01/14/2020 18:00:00,Superseded
90c89d3a-eca2-429f-954f-60e13ae8d0a6,200,"2020-01 Cumulative Update for .NET Framework 3.5 and 4.8 for Windows 10 Version 1909 for x64 (KB4534132)",4534132,,True,01/28/2020 18:00:00,Superseded
74e71981-c83c-4073-a723-23c186d0ed44,203,"2020-01 Servicing Stack Update for Windows 10 Version 1909 for ARM64-based Systems (KB4528759)",4528759,,True,01/14/2020 18:02:06,Superseded
8dd99508-9df9-47c8-9f5a-09f846cc4c27,203,"2020-01 Servicing Stack Update for Windows 10 Version 1909 for x64-based Systems (KB4528759)",4528759,,True,01/14/2020 18:02:06,Superseded
7c18d871-be3c-4709-8a88-c0a710c3e3be,203,"2020-01 Servicing Stack Update for Windows 10 Version 1909 for x86-based Systems (KB4528759)",4528759,,True,01/14/2020 18:02:06,Superseded
4d24abb4-8c11-4bb2-99d0-2f1da038f09d,200,"2020-01 Cumulative Update for Windows 10 Version 1909 for ARM64-based Systems (KB4532695)",4532695,,True,01/28/2020 18:00:06,Superseded
0b84d26f-4878-4930-84c3-e877f1334aec,200,"2020-02 Cumulative Update for .NET Framework 3.5 and 4.8 for Windows 10 Version 1909 for x64 (KB4534132)",4534132,,True,02/11/2020 18:00:00,Superseded
473f655d-e7ba-4736-b709-51a2de424e4e,200,"2020-02 Cumulative Update for .NET Framework 3.5 and 4.8 for Windows 10 Version 1903 for x64 (KB4534132)",4534132,,True,02/11/2020 18:00:00,Superseded
79bce6bf-fec3-455f-ba88-ad7fd3fde3ab,200,"2020-02 Servicing Stack Update for Windows 10 Version 1903 for x64-based Systems (KB4538674)",4538674,,True,02/11/2020 18:00:06,Superseded
6f131f08-c608-40ca-b529-704c34a3fe65,200,"2020-01 Cumulative Update for Windows 10 Version 1903 for ARM64-based Systems (KB4532695)",4532695,,True,01/28/2020 18:00:06,Superseded
7124b894-33d2-4a2b-acc8-8b813935d908,200,"2020-02 Cumulative Update for Windows 10 Version 1909 for x64-based Systems (KB4535996)",4535996,,True,02/27/2020 22:00:06,Superseded
ec67ed82-8cf6-4fa9-86bf-efdb4e7b5d00,202,"2020-02 Cumulative Update for .NET Framework 3.5 and 4.8 for Windows 10 Version 1903 for x64 (KB4537572)",4537572,,True,02/27/2020 22:00:00,Superseded
bedc6088-dd18-47fe-9146-32cdd0cb76b7,200,"2020-01 Servicing Stack Update for Windows 10 Version 1903 for x86-based Systems (KB4528759)",4528759,,True,01/14/2020 18:00:06,Superseded
eab3bd28-affd-45eb-97ac-f6c62d77cde5,200,"2020-01 Cumulative Update for .NET Framework 3.5 and 4.8 for Windows 10 Version 1909 for x64 (KB4532938)",4532938,,True,01/14/2020 18:00:00,Superseded
6c46e7c2-1370-43be-8400-04899522e0bf,200,"2020-02 Servicing Stack Update for Windows 10 Version 1909 for x64-based Systems (KB4538674)",4538674,,True,02/11/2020 18:00:06,Superseded
f5fc2b5d-daee-4737-998f-ed74efa46726,200,"2020-02 Cumulative Update for Windows 10 Version 1909 for ARM64-based Systems (KB4532693)",4532693,,True,02/11/2020 18:00:06,Superseded
2bf3b7c2-438a-4a73-ac09-0cd374625a13,200,"Update for Windows 10 Version 1909 for ARM64-based Systems (KB4516421)",4516421,,False,02/25/2020 18:00:00,Windows 10 Version: 1909
442592c2-e15a-41f7-8cdd-e36da2d988b8,202,"2020-01 Cumulative Update for Windows 10 Version 1909 for ARM64-based Systems (KB4528760)",4528760,,True,01/14/2020 18:00:06,Superseded
3dae0ab3-6de6-43be-bc34-1ddacc35ab7c,200,"2020-02 Cumulative Update for Windows 10 Version 1903 for ARM64-based Systems (KB4535996)",4535996,,True,02/27/2020 22:00:06,Superseded
8e2fd073-2b66-4010-8867-7d5eb06ccc88,202,"2020-02 Cumulative Update for .NET Framework 3.5 and 4.8 for Windows 10 Version 1909 (KB4537572)",4537572,,True,02/27/2020 22:00:00,Superseded
57dee70b-060b-4f3e-8674-dbd3d3664064,200,"2020-02 Cumulative Update for Windows 10 Version 1909 for x86-based Systems (KB4535996)",4535996,,True,02/27/2020 22:00:06,Superseded
65ae2d45-2380-48e9-9a9b-1668dabf41a4,200,"2020-02 Servicing Stack Update for Windows 10 Version 1909 for x86-based Systems (KB4538674)",4538674,,True,02/11/2020 18:00:06,Superseded
aeaec230-c023-45da-841b-eb92c0093301,200,"2020-02 Servicing Stack Update for Windows 10 Version 1903 for ARM64-based Systems (KB4538674)",4538674,,True,02/11/2020 18:00:06,Superseded
4703ad6d-3338-4e64-8439-c158cb882d76,202,"2020-01 Cumulative Update for Windows 10 Version 1909 for x86-based Systems (KB4528760)",4528760,,True,01/14/2020 18:00:06,Superseded
351299ac-0f1c-41c1-9c98-15b7ce4b4d85,200,"2020-02 Servicing Stack Update for Windows 10 Version 1903 for x86-based Systems (KB4538674)",4538674,,True,02/11/2020 18:00:06,Superseded
2af89f5f-4888-4c15-87a0-467219280044,200,"2020-02 Cumulative Update for Windows 10 Version 1909 for x64-based Systems (KB4532693)",4532693,,True,02/11/2020 18:00:06,Superseded
b81e3aea-08da-48da-b8f7-d1f0c85faa63,202,"2020-02 Cumulative Update for .NET Framework 3.5 and 4.8 for Windows 10 Version 1909 for x64 (KB4537572)",4537572,,True,02/27/2020 22:00:00,Superseded
264388da-a7c2-4e70-9c45-2b2525b553bc,200,"2020-03 Servicing Stack Update for Windows 10 Version 1909 for x86-based Systems (KB4541338)",4541338,,True,03/10/2020 17:00:06,Superseded
92289747-4a2a-48fa-9fa7-307f2f5dbcaf,200,"2020-05 Cumulative Update for Windows 10 Version 1909 for x64-based Systems (KB4556799)",4556799,,True,05/12/2020 17:00:06,Superseded
63ea98c8-f7c8-4581-bf9f-30c453d3bb8c,201,"2020-05 Cumulative Update for .NET Framework 3.5 and 4.8 for Windows 10 Version 1909 (KB4552931)",4552931,,True,05/12/2020 17:00:00,Superseded
ebba3915-cb85-4b0d-8424-44613fcfe36e,200,"2020-04 Servicing Stack Update for Windows 10 Version 1909 for x64-based Systems (KB4552152)",4552152,,True,04/14/2020 17:00:06,Superseded
47205d46-9180-47f7-8b9e-1b16c9d2fcdd,200,"2020-05 Cumulative Update for .NET Framework 3.5 and 4.8 for Windows 10 Version 1909 for ARM64 (KB4552931)",4552931,,False,05/12/2020 17:00:00,Superseded
74bd598e-1503-40d5-b167-4854efd5e31e,200,"2020-04 Servicing Stack Update for Windows 10 Version 1903 for ARM64-based Systems (KB4552152)",4552152,,True,04/14/2020 17:00:06,Superseded
23b65f50-b18d-4d6d-82b2-c367443f6927,200,"2020-06 Servicing Stack Update for Windows 10 Version 1909 for ARM64-based Systems (KB4560959)",4560959,,True,06/09/2020 17:00:06,Superseded
a1c60c71-3fb9-440b-98ad-e83941df1c48,200,"2020-06 Servicing Stack Update for Windows 10 Version 1903 for ARM64-based Systems (KB4560959)",4560959,,True,06/09/2020 17:00:06,Superseded
408045a0-76b6-43ff-bea3-596ef7089ed6,201,"2020-05 Cumulative Update for .NET Framework 3.5 and 4.8 for Windows 10 Version 2004 (KB4552925)",4552925,,False,05/12/2020 17:00:00,Superseded
175342b8-328e-4dcf-b714-e97559096a9a,200,"2020-04 Servicing Stack Update for Windows 10 Version 1909 for ARM64-based Systems (KB4552152)",4552152,,True,04/14/2020 17:00:06,Superseded
bc1112a4-44ec-4a27-9b46-2da0d7683003,200,"2020-04 Cumulative Update for Windows 10 Version 1909 for x86-based Systems (KB4549951)",4549951,,True,04/14/2020 17:00:06,Superseded
8089342d-7f0c-4ea8-940f-80401e776bf4,200,"2020-06 Cumulative Update for Windows 10 Version 2004 for ARM64-based Systems (KB4557957)",4557957,,False,06/09/2020 17:00:06,Superseded
b30320db-3a33-48db-96e4-59386e6c5969,200,"2020-06 Cumulative Update for Windows 10 Version 1909 for x86-based Systems (KB4560960)",4560960,,True,06/09/2020 17:00:06,Superseded
f18232ec-32dc-4501-9fc5-4a1f742f5b8b,200,"2020-06 Cumulative Update for Windows 10 Version 2004 for x86-based Systems (KB4557957)",4557957,,False,06/09/2020 17:00:06,Superseded
8652408d-b78f-4e5f-983b-135c7c593c3c,200,"2020-04 Cumulative Update for Windows 10 Version 1909 for x64-based Systems (KB4549951)",4549951,,True,04/14/2020 17:00:06,Superseded
0367750d-c5a3-4ac8-be64-336f322407b2,200,"2020-05 Cumulative Update for .NET Framework 3.5 and 4.8 for Windows 10 Version 2004 for ARM64 (KB4552925)",4552925,,False,05/12/2020 17:00:00,Superseded
57e1964e-cfed-44b8-9e68-08f5e562ebd9,200,"2020-05 Cumulative Update for .NET Framework 3.5 and 4.8 for Windows 10 Version 1909 for x64 (KB4552931)",4552931,,True,05/12/2020 17:00:00,Superseded
2979fb4d-b2d4-4e8f-ae71-b050eb6ac596,200,"2020-04 Servicing Stack Update for Windows 10 Version 1903 for x64-based Systems (KB4552152)",4552152,,True,04/14/2020 17:00:06,Superseded
298c3484-e049-4c7c-bbec-06947cb7dc45,201,"2020-05 Cumulative Update for .NET Framework 3.5 and 4.8 for Windows 10 Version 1903 (KB4552931)",4552931,,True,05/12/2020 17:00:00,Superseded
e85c7796-010e-4f92-a901-852563815598,200,"2020-03 Servicing Stack Update for Windows 10 Version 1909 for x64-based Systems (KB4541338)",4541338,,True,03/10/2020 17:00:06,Superseded
42b2f858-5eb3-447d-80a9-1b84d259d957,201,"2020-03 Cumulative Update for Windows 10 Version 1909 for x64-based Systems (KB4541335)",4541335,,True,03/24/2020 17:00:06,Superseded
4ff5d001-0357-4f59-ae3e-cfdae25adbc5,201,"2020-03 Cumulative Update for Windows 10 Version 1909 for ARM64-based Systems (KB4541335)",4541335,,True,03/24/2020 17:00:06,Superseded
b1facbe7-2f4e-48cc-ba9e-a1b8328ad6f0,200,"2020-06 Servicing Stack Update for Windows 10 Version 1909 for x64-based Systems (KB4560959)",4560959,,True,06/09/2020 17:00:06,Superseded
d0ca7af0-01a6-488f-9f5c-1ef4b9f9f1df,200,"2020-03 Servicing Stack Update for Windows 10 Version 1903 for x86-based Systems (KB4541338)",4541338,,True,03/10/2020 17:00:06,Superseded
c5714b27-0512-4842-bb5c-880a69f99f5a,200,"2020-03 Servicing Stack Update for Windows 10 Version 1903 for ARM64-based Systems (KB4541338)",4541338,,True,03/10/2020 17:00:06,Superseded
82f5065c-eb30-4eae-9bc7-9101c1b752ff,200,"2020-06 Servicing Stack Update for Windows 10 Version 1909 for x86-based Systems (KB4560959)",4560959,,True,06/09/2020 17:00:06,Superseded
04b68ba3-0ab7-454e-8283-00bcbaa48314,200,"2020-05 Cumulative Update for .NET Framework 3.5 and 4.8 for Windows 10 Version 1903 for x64 (KB4552931)",4552931,,True,05/12/2020 17:00:00,Superseded
873f859b-08d5-482f-9468-66815ae713b0,200,"2020-05 Cumulative Update for .NET Framework 3.5 and 4.8 for Windows 10 Version 2004 for x64 (KB4552925)",4552925,,False,05/12/2020 17:00:00,Superseded
84317d28-cfd1-423f-b595-42a0edfea424,200,"2020-06 Cumulative Update for Windows 10 Version 1909 for x64-based Systems (KB4560960)",4560960,,True,06/09/2020 17:00:06,Superseded
f53828e2-474a-479f-96de-63213e4f0e12,200,"2020-06 Servicing Stack Update for Windows 10 Version 1903 for x86-based Systems (KB4560959)",4560959,,True,06/09/2020 17:00:06,Superseded
26649fd2-2a5d-46c8-8431-84eb18930980,200,"2020-04 Cumulative Update for Windows 10 Version 1909 for ARM64-based Systems (KB4549951)",4549951,,True,04/14/2020 17:00:06,Superseded
94cb3319-c037-4529-8187-81eaa6eaa6cd,200,"2020-05 Cumulative Update for Windows 10 Version 1909 for x86-based Systems (KB4556799)",4556799,,True,05/12/2020 17:00:06,Superseded
2553016f-3182-4c6a-baab-4205516268a6,200,"2020-04 Servicing Stack Update for Windows 10 Version 1909 for x86-based Systems (KB4552152)",4552152,,True,04/14/2020 17:00:06,Superseded
beb115de-7639-46c6-b99b-16c1da9803a2,200,"2020-05 Cumulative Update for Windows 10 Version 1909 for ARM64-based Systems (KB4556799)",4556799,,True,05/12/2020 17:00:06,Superseded
4d4e5f71-06c6-4f56-9dc0-9223acc732f8,200,"2020-05 Cumulative Update for .NET Framework 3.5 and 4.8 for Windows 10 Version 1903 for ARM64 (KB4552931)",4552931,,False,05/12/2020 17:00:00,Superseded
6a3870f7-7065-4063-b524-4493e3cb3411,200,"2020-04 Servicing Stack Update for Windows 10 Version 1903 for x86-based Systems (KB4552152)",4552152,,True,04/14/2020 17:00:06,Superseded
4058b83e-4b49-49c3-8722-d08abe7a4af2,200,"2020-06 Cumulative Update for Windows 10 Version 1909 for ARM64-based Systems (KB4560960)",4560960,,True,06/09/2020 17:00:06,Superseded
5ed72374-7315-4709-ac92-4e1c9f679017,201,"2020-03 Cumulative Update for Windows 10 Version 1903 for ARM64-based Systems (KB4541335)",4541335,,True,03/24/2020 17:00:06,Superseded
3d039c17-a668-4164-b649-49b884ce6b17,201,"2020-03 Cumulative Update for Windows 10 Version 1903 for x86-based Systems (KB4541335)",4541335,,True,03/24/2020 17:00:06,Superseded
69dec764-21f8-4c28-b084-6caff606f720,200,"2020-03 Cumulative Update for Windows 10 Version 1909 for x64-based Systems (KB4540673)",4540673,,True,03/10/2020 17:00:06,Superseded
0fabc296-c700-4372-a9a9-26e1b36b238e,200,"2020-03 Cumulative Update for Windows 10 Version 1909 for ARM64-based Systems (KB4540673)",4540673,,True,03/10/2020 17:00:06,Superseded
36a11d9c-449e-4b59-8b32-2926c44b0f82,201,"2020-03 Cumulative Update for Windows 10 Version 1903 for x64-based Systems (KB4541335)",4541335,,True,03/24/2020 17:00:06,Superseded
fa5119aa-9800-45c0-9f7d-02b54c6a132f,200,"2020-03 Cumulative Update for Windows 10 Version 1909 for ARM64-based Systems (KB4551762)",4551762,,True,03/12/2020 15:00:06,Superseded
8ea34ec5-63c4-4d80-8322-f5453df1188a,200,"2020-03 Servicing Stack Update for Windows 10 Version 1903 for x64-based Systems (KB4541338)",4541338,,True,03/10/2020 17:00:06,Superseded
f093a6dc-9117-426b-848e-3fb12e25fd47,200,"2020-03 Cumulative Update for Windows 10 Version 1909 for x86-based Systems (KB4540673)",4540673,,True,03/10/2020 17:00:06,Superseded
aac94d1a-bd44-4cd5-b976-b8a8cc0661ac,201,"2020-03 Cumulative Update for Windows 10 Version 1909 for x86-based Systems (KB4541335)",4541335,,True,03/24/2020 17:00:06,Superseded
b9f38079-d7b9-4519-8435-7a0fe43f511e,200,"2020-03 Cumulative Update for Windows 10 Version 1909 for x64-based Systems (KB4551762)",4551762,,True,03/12/2020 15:00:06,Superseded
2ae78d70-3ff8-4acc-959b-44697fee4f57,200,"2020-03 Cumulative Update for Windows 10 Version 1909 for x86-based Systems (KB4551762)",4551762,,True,03/12/2020 15:00:06,Superseded
5051859a-ac29-45cd-bb97-3e2da7942b59,200,"2020-03 Servicing Stack Update for Windows 10 Version 1909 for ARM64-based Systems (KB4541338)",4541338,,True,03/10/2020 17:00:06,Superseded
898531f8-8571-4542-9c92-9ab5c4d7364b,201,"2020-06 Servicing Stack Update for Windows 10 Version 2004 for ARM64-based Systems (KB4560366)",4560366,,False,06/09/2020 17:03:06,Superseded
c709b6e1-5b83-4875-8809-331f32856223,200,"2020-08 Cumulative Update for .NET Framework 3.5 and 4.8 for Windows 10 Version 2004 (KB4569745)",4569745,,False,08/11/2020 17:00:00,Windows 10 Version: 2004
fb52da4b-7651-42b7-b847-11d458762a52,203,"Feature update to Windows 10 (consumer editions), version 1909, en-gb x86",3012973,,False,11/12/2019 18:00:00,Superseded
661d41ae-fcd8-4899-985f-471c2a41e69f,203,"Feature update to Windows 10 (consumer editions), version 1909, en-us x86",3012973,,False,11/12/2019 18:00:00,Superseded
05d17022-0297-4c2c-8990-801496cb9c1d,204,"Feature update to Windows 10 (consumer editions), version 1909, en-us x64",3012973,,False,11/12/2019 18:00:00,Superseded
b4e52f55-d435-41f4-9b97-e5cd300cb7ca,200,"2020-08 Cumulative Update for .NET Framework 3.5 and 4.8 for Windows 10 Version 2004 for ARM64 (KB4569745)",4569745,,False,08/11/2020 17:00:00,Windows 10 Version: 2004
e58445ff-345f-4529-a92f-47442a5164ca,203,"Feature update to Windows 10 (business editions), version 1909, en-gb x86",3012973,,False,11/12/2019 18:00:00,Superseded
6c5f1b84-71f7-4da8-b489-75952a1ea61d,203,"Feature update to Windows 10 (consumer editions), version 1909, en-gb x64",3012973,,False,11/12/2019 18:00:00,Superseded
0d500afc-802b-4b0e-b4cc-4087f87602ff,203,"Feature update to Windows 10 (business editions), version 1909, en-gb x64",3012973,,False,11/12/2019 18:00:00,Superseded
5b794275-98dc-41a8-bc6b-4db4e7cc2946,200,"2020-08 Cumulative Update for .NET Framework 3.5 and 4.8 for Windows 10 Version 1909 for x64 (KB4569751)",4569751,,False,08/11/2020 17:00:00,Windows 10 Version: 1909
c716531b-4fd5-4053-ad48-a8babd38fd66,200,"2020-08 Cumulative Update for .NET Framework 3.5 and 4.8 for Windows 10 Version 2004 for x64 (KB4569745)",4569745,,False,08/11/2020 17:00:00,Windows 10 Version: 2004
1caea16c-cc26-4f00-b317-ca84a15acd9d,206,"Feature update to Windows 10 (business editions), version 1909, en-gb arm64",3012973,,False,11/12/2019 18:00:00,Superseded
b31732bb-5254-4e65-b68d-0c68502727b2,200,"2020-07 Cumulative Update for .NET Framework 3.5 and 4.8 for Windows 10 Version 1903 for x64 (KB4565633)",4565633,,True,07/14/2020 17:00:00,Windows 10 Version: 1903
c212b1d2-5309-4eab-9924-e2edd9650f69,200,"2020-07 Servicing Stack Update for Windows 10 Version 1909 for x86-based Systems (KB4565554)",4565554,,True,07/14/2020 17:00:06,Superseded
732de4a7-b891-4e44-9f29-c000586bfbe5,200,"2020-07 Servicing Stack Update for Windows 10 Version 1909 for x64-based Systems (KB4565554)",4565554,,True,07/14/2020 17:00:06,Superseded
0ef0d990-7077-4202-9d2c-b1d5786c17c5,200,"2020-07 Servicing Stack Update for Windows 10 Version 2004 for x64-based Systems (KB4566785)",4566785,,True,07/14/2020 17:00:06,Superseded
a3da8cb7-f4cb-48a4-9f9a-4aa893ed6c47,200,"2020-07 Cumulative Update for .NET Framework 3.5 and 4.8 for Windows 10 Version 1903 (KB4565633)",4565633,,True,07/14/2020 17:00:00,Windows 10 Version: 1903
3d9c274a-fec8-44c8-b2f5-10ba9359d556,201,"2020-07 Cumulative Update for Windows 10 Version 1909 for x86-based Systems (KB4565483)",4565483,,True,07/14/2020 17:03:06,Superseded
5360c24a-3f06-44b4-a0b4-82326a6221e6,200,"2020-07 Cumulative Update for .NET Framework 3.5 and 4.8 for Windows 10 Version 1903 for ARM64 (KB4565633)",4565633,,True,07/14/2020 17:00:00,Windows 10 Version: 1903
1d389709-3ebf-466c-9ae0-56356b3c6882,200,"2020-06 Cumulative Update for Windows 10 Version 2004 for x64-based Systems (KB4557957)",4557957,,False,06/09/2020 17:00:06,Superseded
3d2a7102-d7ea-45f1-b725-f01f581525fc,200,"2020-07 Servicing Stack Update for Windows 10 Version 1903 for ARM64-based Systems (KB4565554)",4565554,,True,07/14/2020 17:00:06,Superseded
7222655c-2406-47c0-8330-8fa907e8ba51,200,"2020-06 Servicing Stack Update for Windows 10 Version 1903 for x64-based Systems (KB4560959)",4560959,,True,06/09/2020 17:00:06,Superseded
df1f0b01-f28f-4b09-a85e-aa49d7049fdb,201,"2020-06 Servicing Stack Update for Windows 10 Version 2004 for x86-based Systems (KB4560366)",4560366,,False,06/09/2020 17:03:06,Superseded
9c818022-23d8-4abf-86ee-71acbce71ff5,200,"2020-07 Cumulative Update for .NET Framework 3.5 and 4.8 for Windows 10 Version 2004 for ARM64 (KB4565627)",4565627,,True,07/14/2020 17:00:00,Windows 10 Version: 2004
d92dc02d-80bf-478f-8ff4-6bb83ddf98e2,201,"2020-06 Servicing Stack Update for Windows 10 Version 2004 for x64-based Systems (KB4560366)",4560366,,False,06/09/2020 17:03:06,Superseded
299949d5-edf0-4ab7-ad37-4d0a62fd664d,200,"2020-07 Cumulative Update for .NET Framework 3.5 and 4.8 for Windows 10 Version 1909 for x64 (KB4565633)",4565633,,True,07/14/2020 17:00:00,Windows 10 Version: 1909
3f0673c9-1c8d-4c25-a6be-dc022ba1e5f0,200,"2020-07 Cumulative Update for .NET Framework 3.5 and 4.8 for Windows 10 Version 2004 for x64 (KB4565627)",4565627,,True,07/14/2020 17:00:00,Windows 10 Version: 2004
7f6e0630-f091-49fa-a4ec-b8440968f107,200,"2020-08 Cumulative Update for .NET Framework 3.5 and 4.8 for Windows 10 Version 1909 for ARM64 (KB4569751)",4569751,,False,08/11/2020 17:00:00,Windows 10 Version: 1909
7982b213-1f3a-443a-94d2-0ba33d9ff307,203,"Feature update to Windows 10 (business editions), version 1909, en-us x86",3012973,,False,11/12/2019 18:00:00,Superseded
0af47e05-17cb-4756-8610-09ce486df1ba,203,"Feature update to Windows 10 (business editions), version 1909, en-us x64",3012973,,False,11/12/2019 18:00:00,Superseded
2ee9eaf9-c1cf-481d-85f4-50235b5d200a,201,"2020-07 Cumulative Update for Windows 10 Version 1909 for ARM64-based Systems (KB4565483)",4565483,,True,07/14/2020 17:03:06,Superseded
77d8f96b-d56a-4f77-b492-0cca5e877ed3,200,"2020-07 Cumulative Update for Windows 10 Version 2004 for x64-based Systems (KB4565503)",4565503,,True,07/14/2020 17:00:06,Superseded
2913b7c1-f0ba-4c81-991d-6371aaa71893,200,"2020-07 Servicing Stack Update for Windows 10 Version 1903 for x64-based Systems (KB4565554)",4565554,,True,07/14/2020 17:00:06,Superseded
2ef14c4a-48c4-4671-ade7-eb1db492a207,200,"2020-08 Cumulative Update for .NET Framework 3.5 and 4.8 for Windows 10 Version 1903 for ARM64 (KB4569751)",4569751,,False,08/11/2020 17:00:00,Windows 10 Version: 1903
a02f1a9e-1925-478d-b706-e3c147c0a16c,200,"2020-08 Cumulative Update for .NET Framework 3.5 and 4.8 for Windows 10 Version 1903 for x64 (KB4569751)",4569751,,False,08/11/2020 17:00:00,Windows 10 Version: 1903
d4808c42-f2ba-4783-bd81-c652ef19eb48,200,"2020-08 Cumulative Update for .NET Framework 3.5 and 4.8 for Windows 10 Version 1909 (KB4569751)",4569751,,False,08/11/2020 17:00:00,Windows 10 Version: 1909
c62581eb-53e5-492d-b3f9-fd9b49edf4c0,204,"Feature update to Windows 10 (business editions), version 1909, en-us arm64",3012973,,False,11/12/2019 18:00:00,Superseded
9da5fcaf-1bb6-487b-9c5d-05ebb3ffc190,200,"2020-08 Cumulative Update for .NET Framework 3.5 and 4.8 for Windows 10 Version 1903 (KB4569751)",4569751,,False,08/11/2020 17:00:00,Windows 10 Version: 1903
a4fa30a1-592f-4d6a-9bec-d8220c91459d,200,"2020-07 Cumulative Update for .NET Framework 3.5 and 4.8 for Windows 10 Version 1909 (KB4565633)",4565633,,True,07/14/2020 17:00:00,Windows 10 Version: 1909
deccd89d-a63c-4e27-afec-14d619ed9fb0,200,"2020-07 Servicing Stack Update for Windows 10 Version 2004 for ARM64-based Systems (KB4566785)",4566785,,True,07/14/2020 17:00:06,Superseded
197596bc-0893-4b83-a165-eac8b3a0ca9f,200,"2020-07 Cumulative Update for Windows 10 Version 2004 for x86-based Systems (KB4565503)",4565503,,True,07/14/2020 17:00:06,Superseded
19332c2f-ba5f-462b-8140-141558b8cade,200,"2020-07 Servicing Stack Update for Windows 10 Version 1909 for ARM64-based Systems (KB4565554)",4565554,,True,07/14/2020 17:00:06,Superseded
47992a49-08f5-4fe7-a522-e635ff09d39d,200,"2020-07 Servicing Stack Update for Windows 10 Version 2004 for x86-based Systems (KB4566785)",4566785,,True,07/14/2020 17:00:06,Superseded
f2c8c7b2-d148-4654-8636-9b4bc67850b9,200,"2020-08 Cumulative Update for Windows 10 Version 1909 for ARM64-based Systems (KB4565351)",4565351,,True,08/11/2020 17:00:06,Superseded
85d567ba-a6e6-45e6-b332-ae26a352e118,200,"2020-07 Cumulative Update for Windows 10 Version 2004 for ARM64-based Systems (KB4565503)",4565503,,True,07/14/2020 17:00:06,Superseded
38bc9fae-3fee-450d-977a-6e4c68d78958,200,"2020-07 Cumulative Update for .NET Framework 3.5 and 4.8 for Windows 10 Version 1909 for ARM64 (KB4565633)",4565633,,True,07/14/2020 17:00:00,Windows 10 Version: 1909
0f7b833c-c87e-47b0-8d74-4cc80d08af8d,200,"2020-07 Servicing Stack Update for Windows 10 Version 1903 for x86-based Systems (KB4565554)",4565554,,True,07/14/2020 17:00:06,Superseded
9ba44385-1c9e-4a34-af6c-d4fcde629aee,200,"2020-07 Cumulative Update for .NET Framework 3.5 and 4.8 for Windows 10 Version 2004 (KB4565627)",4565627,,True,07/14/2020 17:00:00,Windows 10 Version: 2004
b0c5cbda-81c1-4b37-82c2-ffc7cff33c57,201,"2020-07 Cumulative Update for Windows 10 Version 1909 for x64-based Systems (KB4565483)",4565483,,True,07/14/2020 17:03:06,Superseded
9fb7a919-2d13-41d7-b9b3-1655576cdaf0,200,"2020-10 Cumulative Update for .NET Framework 3.5 and 4.8 for Windows 10, version 20H2 (KB4578968)",4578968,,False,10/13/2020 17:00:00,Superseded
2a57b757-31ea-4452-bc98-3ecc2e53894b,200,"2020-10 Cumulative Update for .NET Framework 3.5 and 4.8 for Windows 10 Version 2004 for x64 (KB4578968)",4578968,,True,10/13/2020 17:00:00,Superseded
6f10bf5f-a2d9-4347-b884-4f91fe910502,200,"2020-10 Cumulative Update for .NET Framework 3.5 and 4.8 for Windows 10 Version 1909 for x64 (KB4578974)",4578974,,True,10/13/2020 17:00:00,Superseded
37f3984d-3684-4677-82aa-2c208009fb60,200,"2020-10 Cumulative Update for .NET Framework 3.5 and 4.8 for Windows 10 Version 1909 for ARM64 (KB4578974)",4578974,,True,10/13/2020 17:00:00,Superseded
b065a8d5-37f3-44ee-ae99-071f1a8d4a00,200,"2020-10 Cumulative Update for .NET Framework 3.5 and 4.8 for Windows 10 Version 2004 (KB4578968)",4578968,,True,10/13/2020 17:00:00,Superseded
83ca78ee-ecea-494f-975f-d4a4cd9237a7,200,"2020-10 Cumulative Update for .NET Framework 3.5 and 4.8 for Windows 10, version 20H2 for ARM64 (KB4578968)",4578968,,False,10/13/2020 17:00:00,Superseded
454bebbc-d20d-4ac1-953e-52d57054d474,200,"2020-09 Servicing Stack Update for Windows 10 Version 2004 for x64-based Systems (KB4577266)",4577266,,True,09/08/2020 17:00:06,Superseded
eb90264a-8c13-4b6d-a635-67d1a51513cd,200,"2020-09 Servicing Stack Update for Windows 10 Version 1903 for x64-based Systems (KB4576751)",4576751,,True,09/08/2020 17:00:06,Superseded
c7a1f725-ee7d-4b7a-a5e3-a75b1124c2b5,200,"2020-09 Cumulative Update for .NET Framework 3.5 and 4.8 for Windows 10 Version 1909 (KB4576484)",4576484,,False,09/08/2020 17:00:00,Superseded
3228b635-f5af-4686-9292-66b5b8aea06c,200,"2020-08 Cumulative Update for Windows 10 Version 2004 for x86-based Systems (KB4566782)",4566782,,True,08/11/2020 17:00:06,Superseded
06b92eca-ec59-4b9a-89fa-c945b68a96ba,200,"2020-08 Servicing Stack Update for Windows 10 Version 1909 for x64-based Systems (KB4569073)",4569073,,True,08/11/2020 17:00:06,Superseded
7020f9c7-b624-495c-b99e-fbc9bd64d761,200,"2020-08 Servicing Stack Update for Windows 10 Version 2004 for x64-based Systems (KB4570334)",4570334,,True,08/11/2020 17:00:06,Superseded
3d6be63f-cc33-4071-a510-8810e902560d,200,"2020-09 Cumulative Update for .NET Framework 3.5 and 4.8 for Windows 10 Version 1909 for x64 (KB4576484)",4576484,,False,09/08/2020 17:00:00,Superseded
d9ae9dd6-1205-4639-be95-fc8ac95e9e8d,200,"2020-09 Cumulative Update for Windows 10 Version 2004 for x86-based Systems (KB4571756)",4571756,,True,09/08/2020 17:00:06,Superseded
ec310998-9c5c-4838-8be0-ea8da273fe19,201,"2020-09 Servicing Stack Update for Windows 10 Version 1909 for ARM64-based Systems (KB4576751)",4576751,,True,09/08/2020 17:02:06,Superseded
7f9dc7dd-e107-4cde-a5c9-c82424dc0188,200,"2020-09 Cumulative Update for Windows 10 Version 2004 for x64-based Systems (KB4571756)",4571756,,True,09/08/2020 17:00:06,Superseded
9f17aaf0-f7c2-4e6c-a46d-e8ee66f26ca7,200,"2020-09 Servicing Stack Update for Windows 10 Version 1903 for ARM64-based Systems (KB4576751)",4576751,,True,09/08/2020 17:00:06,Superseded
bb0f8c33-3461-4451-9f9b-7016cbc0faf2,200,"2020-09 Servicing Stack Update for Windows 10 Version 2004 for ARM64-based Systems (KB4577266)",4577266,,True,09/08/2020 17:00:06,Superseded
29029a0a-bb15-43c8-b712-b780f7f1b3bd,200,"2020-09 Cumulative Update for .NET Framework 3.5 and 4.8 for Windows 10 Version 2004 for x64 (KB4576478)",4576478,,False,09/08/2020 17:00:00,Superseded
25c826a5-4cb6-4447-aa73-e0297b18deed,200,"2020-08 Servicing Stack Update for Windows 10 Version 1903 for x64-based Systems (KB4569073)",4569073,,True,08/11/2020 17:00:06,Superseded
70c4647c-20ed-49fa-9df1-3865adba5fda,200,"2020-09 Servicing Stack Update for Windows 10 Version 1903 for x86-based Systems (KB4576751)",4576751,,True,09/08/2020 17:00:06,Superseded
642fbfd2-254c-4a49-9e0a-03db90d27a6e,200,"2020-09 Cumulative Update for .NET Framework 3.5 and 4.8 for Windows 10 Version 1903 (KB4576484)",4576484,,False,09/08/2020 17:00:00,Superseded
d65c7fe0-1c88-4559-a350-2d6211af97ee,200,"2020-08 Servicing Stack Update for Windows 10 Version 2004 for x86-based Systems (KB4570334)",4570334,,True,08/11/2020 17:00:06,Superseded
f3129901-7997-486a-9014-cb7c4bae7459,200,"2020-08 Servicing Stack Update for Windows 10 Version 1903 for ARM64-based Systems (KB4569073)",4569073,,True,08/11/2020 17:00:06,Superseded
ed8d68e8-30b0-43ad-8f81-89cd948366cd,200,"2020-08 Servicing Stack Update for Windows 10 Version 1909 for x86-based Systems (KB4569073)",4569073,,True,08/11/2020 17:00:06,Superseded
a9cdb394-9543-44ec-a1c0-a87a6818591e,200,"2020-10 Cumulative Update for .NET Framework 3.5 and 4.8 for Windows 10, version 20H2 for x64 (KB4578968)",4578968,,False,10/13/2020 17:00:00,Superseded
bcdd12d9-e56a-46be-88f6-8a97a9f9ad18,200,"2020-10 Cumulative Update for .NET Framework 3.5 and 4.8 for Windows 10 Version 1903 for x64 (KB4578974)",4578974,,True,10/13/2020 17:00:00,Windows 10 Version: 1903
b8c77125-c188-4707-9b84-9efbd2c8b966,200,"2020-10 Cumulative Update for .NET Framework 3.5 and 4.8 for Windows 10 Version 1909 (KB4578974)",4578974,,True,10/13/2020 17:00:00,Superseded
f8009263-0b0d-4e47-a586-576beefb62ea,200,"2020-10 Cumulative Update for .NET Framework 3.5 and 4.8 for Windows 10 Version 2004 for ARM64 (KB4578968)",4578968,,True,10/13/2020 17:00:00,Superseded
a6dcfbc5-91b6-45e4-ad37-c9cf1d2c464c,200,"2020-10 Cumulative Update for .NET Framework 3.5 and 4.8 for Windows 10 Version 1903 (KB4578974)",4578974,,True,10/13/2020 17:00:00,Windows 10 Version: 1903
908099a3-3cb0-44e3-98c5-a679fcd1c695,200,"2020-10 Cumulative Update for .NET Framework 3.5 and 4.8 for Windows 10 Version 1903 for ARM64 (KB4578974)",4578974,,True,10/13/2020 17:00:00,Windows 10 Version: 1903
92b38b7e-8d87-4194-bcdf-dd1bdd36534a,200,"2020-09 Cumulative Update for .NET Framework 3.5 and 4.8 for Windows 10 Version 2004 (KB4576478)",4576478,,False,09/08/2020 17:00:00,Superseded
9254e9a2-a0c9-4f21-914d-a17280f28363,200,"2020-09 Cumulative Update for .NET Framework 3.5 and 4.8 for Windows 10 Version 2004 for ARM64 (KB4576478)",4576478,,False,09/08/2020 17:00:00,Superseded
5cfb1a61-e081-41fc-98b4-aae4f6fa724a,200,"2020-08 Servicing Stack Update for Windows 10 Version 1909 for ARM64-based Systems (KB4569073)",4569073,,True,08/11/2020 17:00:06,Superseded
4acd02c3-213a-40e8-82fc-9b68f2eb4766,201,"2020-09 Servicing Stack Update for Windows 10 Version 1909 for x86-based Systems (KB4576751)",4576751,,True,09/08/2020 17:02:06,Superseded
b398d3bd-c99e-462f-a52a-5e5818c1d788,200,"2020-08 Servicing Stack Update for Windows 10 Version 1903 for x86-based Systems (KB4569073)",4569073,,True,08/11/2020 17:00:06,Superseded
353c6149-8857-4555-b227-00a0027bb516,200,"2020-08 Cumulative Update for Windows 10 Version 2004 for ARM64-based Systems (KB4566782)",4566782,,True,08/11/2020 17:00:06,Superseded
6d1a581f-9559-4c0d-9f5d-48e5dcf78018,200,"2020-08 Cumulative Update for Windows 10 Version 1909 for x86-based Systems (KB4565351)",4565351,,True,08/11/2020 17:00:06,Superseded
281490b1-324c-4fcd-9f02-67f58f99793e,201,"2020-09 Cumulative Update for Windows 10 Version 1909 for ARM64-based Systems (KB4574727)",4574727,,True,09/08/2020 17:00:06,Superseded
5826c06d-c88a-4faf-9c6c-2ab53082691e,200,"2020-08 Servicing Stack Update for Windows 10 Version 2004 for ARM64-based Systems (KB4570334)",4570334,,True,08/11/2020 17:00:06,Superseded
4bd5a990-6a0a-4112-9b34-0de415d7a25d,200,"2020-09 Cumulative Update for .NET Framework 3.5 and 4.8 for Windows 10 Version 1909 for ARM64 (KB4576484)",4576484,,False,09/08/2020 17:00:00,Superseded
27424da3-f49f-4344-ae4e-045a0a838044,200,"2020-08 Cumulative Update for Windows 10 Version 2004 for x64-based Systems (KB4566782)",4566782,,True,08/11/2020 17:00:06,Superseded
f7018f14-f8b1-44e1-97a3-9eb35850608b,202,"2020-09 Cumulative Update for Windows 10 Version 1909 for x86-based Systems (KB4574727)",4574727,,True,09/08/2020 17:00:06,Superseded
3949c36e-1f9d-4bf4-bddc-d3f1478a4ca0,200,"2020-09 Cumulative Update for .NET Framework 3.5 and 4.8 for Windows 10 Version 1903 for ARM64 (KB4576484)",4576484,,False,09/08/2020 17:00:00,Superseded
12d4f3e2-1a12-4563-978b-96b1b621df36,201,"2020-09 Cumulative Update for Windows 10 Version 1909 for x64-based Systems (KB4574727)",4574727,,True,09/08/2020 17:00:06,Superseded
79957fb4-42c8-48d0-9629-788f4529cdf4,200,"2020-08 Cumulative Update for Windows 10 Version 1909 for x64-based Systems (KB4565351)",4565351,,True,08/11/2020 17:00:06,Superseded
53b22462-282c-44e8-83c0-0bb05fd86f95,200,"2020-09 Cumulative Update for .NET Framework 3.5 and 4.8 for Windows 10 Version 1903 for x64 (KB4576484)",4576484,,False,09/08/2020 17:00:00,Superseded
b6d12270-95f0-4636-a8df-54282bae82f7,200,"2020-09 Servicing Stack Update for Windows 10 Version 2004 for x86-based Systems (KB4577266)",4577266,,True,09/08/2020 17:00:06,Superseded
9ecbe581-ddfd-44c5-ae58-96ab7080efa7,200,"2020-09 Cumulative Update for Windows 10 Version 2004 for ARM64-based Systems (KB4571756)",4571756,,True,09/08/2020 17:00:06,Superseded
ef3c0d60-f075-491f-ab20-ff1bb0e516cd,201,"2020-09 Servicing Stack Update for Windows 10 Version 1909 for x64-based Systems (KB4576751)",4576751,,True,09/08/2020 17:02:06,Superseded
1142e215-f631-413e-ac53-83eb7c1e87bf,200,"Feature update to Windows 10 (consumer editions), version 1909, en-us x64",3012973,,True,11/12/2019 18:00:00,Superseded
60a68333-26ce-47b6-9254-89d69caedfdf,200,"2020-10 Cumulative Update for Windows 10 Version 1903 for x86-based Systems (KB4577671)",4577671,,True,10/13/2020 17:00:06,Superseded
864cd4fe-93ba-4df8-b2c5-baff02061c21,202,"Feature update to Windows 10 (business editions), version 2004, en-gb arm64",3012973,,False,05/27/2020 17:00:00,Superseded
d5cbc800-cb34-49c3-bde8-aa2f0ee05b2e,200,"2020-10 Cumulative Update for Windows 10 Version 2004 for x86-based Systems (KB4579311)",4579311,,True,10/13/2020 17:00:06,Superseded
8cc903a7-be5a-411e-9d2c-442c4bb92362,200,"2020-10 Security Update for Adobe Flash Player for Windows 10 Version 2004 for x86-based Systems (KB4580325)",4580325,,False,10/13/2020 17:00:11,Windows 10 Version: 2004
a92fe5ce-3c21-4a45-90a6-ca68c927a0af,200,"Feature update to Windows 10 (business editions), version 1909, en-gb x86",3012973,,True,11/12/2019 18:00:00,Superseded
d02c67c5-72e8-48fe-ae4a-e8db799b9d2a,200,"Feature update to Windows 10 (business editions), version 20H2, en-gb x64",3012973,,False,10/20/2020 17:00:00,Superseded
3815c164-1c31-4cd7-ac48-add984a9d6a8,200,"2020-10 Security Update for Adobe Flash Player for Windows 10 Version 2004 for ARM64-based Systems (KB4580325)",4580325,,False,10/13/2020 17:00:11,Windows 10 Version: 2004
a754f17d-09d8-4d00-bdb2-7dc5f111060f,200,"Feature update to Windows 10 (business editions), version 20H2, en-us x86",3012973,,False,10/20/2020 17:00:00,Superseded
04d9125f-be15-49b6-9fd9-84adfabbe020,202,"Feature update to Windows 10 (consumer editions), version 2004, en-us x64",3012973,,False,05/27/2020 17:00:00,Superseded
4bc3ccc3-fcb0-4bbd-a2a5-cbbd40369d41,200,"2020-10 Cumulative Update for Windows 10 Version 1909 for x64-based Systems (KB4577671)",4577671,,True,10/13/2020 17:00:06,Superseded
40e5f778-45b1-41ef-8251-5b3742bce2fd,200,"Feature update to Windows 10 (business editions), version 20H2, en-gb x86",3012973,,False,10/20/2020 17:00:00,Superseded
80086649-80ba-42b3-9719-172c8d59a023,200,"2020-10 Servicing Stack Update for Windows 10 Version 1903 for ARM64-based Systems (KB4577670)",4577670,,True,10/13/2020 17:00:06,Superseded
081cd9eb-9015-4e40-86b8-71d32d686607,201,"2020-10 Security Update for Adobe Flash Player for Windows 10 Version 1903 for x86-based Systems (KB4580325)",4580325,,False,10/13/2020 17:03:10,Windows 10 Version: 1903
8502caeb-a3a6-4d44-ba51-5d44ca0e97ee,200,"Feature update to Windows 10 (business editions), version 1909, en-us arm64",3012973,,True,11/12/2019 18:00:00,Superseded
453d70cd-549e-4072-b3a5-62cb92b704ff,200,"2020-10 Servicing Stack Update for Windows 10 Version 1909 for x64-based Systems (KB4577670)",4577670,,True,10/13/2020 17:00:06,Superseded
7ec30df6-d084-48e4-9bae-681f9c713afd,200,"2020-10 Servicing Stack Update for Windows 10 Version 1909 for x86-based Systems (KB4577670)",4577670,,True,10/13/2020 17:00:06,Superseded
531a1f25-fc4f-4ead-8578-7ee7fd656983,200,"2020-10 Security Update for Adobe Flash Player for Windows 10 Version 1909 for x64-based Systems (KB4580325)",4580325,,False,10/13/2020 17:00:16,Windows 10 Version: 1909
3fa66f5e-3776-476a-b85c-89d0f96d6574,202,"Feature update to Windows 10 (consumer editions), version 2004, en-gb x64",3012973,,False,05/27/2020 17:00:00,Superseded
a06d49f2-b979-40f6-b257-8cb17cf01761,202,"Feature update to Windows 10 (business editions), version 2004, en-gb x86",3012973,,False,05/27/2020 17:00:00,Superseded
f1dc85f3-1aec-41b7-b427-97ac3812371f,200,"2020-10 Security Update for Adobe Flash Player for Windows 10 Version 1909 for x86-based Systems (KB4580325)",4580325,,False,10/13/2020 17:00:16,Windows 10 Version: 1909
545899c1-634b-4d69-b027-ed83fe681c2c,200,"Feature update to Windows 10 (business editions), version 20H2, en-us x64",3012973,,False,10/20/2020 17:00:00,Superseded
fb974641-90bb-48a4-9bbc-a9ce5de32d37,201,"2020-10 Security Update for Adobe Flash Player for Windows 10 Version 1903 for ARM64-based Systems (KB4580325)",4580325,,False,10/13/2020 17:03:10,Windows 10 Version: 1903
02b50f4a-ecaf-43cc-b362-96fa0507ffa9,200,"Feature update to Windows 10 (consumer editions), version 1909, en-us x86",3012973,,True,11/12/2019 18:00:00,Superseded
e89c561d-4281-4201-8dc5-b9d3ba9137ad,200,"2020-10 Cumulative Update for Windows 10 Version 1903 for ARM64-based Systems (KB4577671)",4577671,,True,10/13/2020 17:00:06,Superseded
e1eae7b1-df35-4d33-ba5e-7c370fdfed57,200,"2020-10 Servicing Stack Update for Windows 10 Version 1909 for ARM64-based Systems (KB4577670)",4577670,,True,10/13/2020 17:00:06,Superseded
eadc365b-e495-4536-8903-0f6158a61f1a,200,"2020-10 Cumulative Update for Windows 10 Version 1909 for ARM64-based Systems (KB4577671)",4577671,,True,10/13/2020 17:00:06,Superseded
fa30a6bc-24ef-47b0-a6fa-d7971053e058,200,"2020-10 Cumulative Update for Windows 10 Version 2004 for x64-based Systems (KB4579311)",4579311,,True,10/13/2020 17:00:06,Superseded
5b0aea35-ea98-4e83-9401-0abb85a2fc74,201,"2020-10 Security Update for Adobe Flash Player for Windows 10 Version 1903 for x64-based Systems (KB4580325)",4580325,,False,10/13/2020 17:03:10,Windows 10 Version: 1903
70bbda56-d4b5-4ba8-9cfb-52e5cda237dc,202,"Feature update to Windows 10 (business editions), version 2004, en-us x86",3012973,,False,05/27/2020 17:00:00,Superseded
2239fdd3-cd7a-41df-8fb6-f1793f5bc0d0,200,"2020-10 Security Update for Adobe Flash Player for Windows 10 Version 2004 for x64-based Systems (KB4580325)",4580325,,False,10/13/2020 17:00:11,Windows 10 Version: 2004
3b4db2a5-6984-4ff7-aecb-76e725d1c627,200,"Feature update to Windows 10 (business editions), version 20H2, en-gb arm64",3012973,,False,10/20/2020 17:00:00,Superseded
32180653-c250-484b-865b-639b87a3e4ac,200,"2020-10 Servicing Stack Update for Windows 10 Version 1903 for x64-based Systems (KB4577670)",4577670,,True,10/13/2020 17:00:06,Superseded
1946c248-d21d-47a7-b6e8-dd61f79fecc9,202,"Feature update to Windows 10 (business editions), version 2004, en-us arm64",3012973,,False,05/27/2020 17:00:00,Superseded
83b850ff-f1ee-4c62-a86b-c3768ca5989c,200,"Feature update to Windows 10 (business editions), version 1909, en-gb arm64",3012973,,True,11/12/2019 18:00:00,Superseded
b89186cd-eaa5-4b5a-8a95-6cd52d06c86b,200,"2020-10 Servicing Stack Update for Windows 10 Version 1903 for x86-based Systems (KB4577670)",4577670,,True,10/13/2020 17:00:06,Superseded
bfadd1ad-d096-4bd0-9281-022b7c353e7a,200,"Feature update to Windows 10 (consumer editions), version 1909, en-gb x86",3012973,,True,11/12/2019 18:00:00,Superseded
618d001a-e8d6-492c-b3d0-d500f535627f,200,"Feature update to Windows 10 (business editions), version 1909, en-us x86",3012973,,True,11/12/2019 18:00:00,Superseded
a4f7dcc3-65f1-4a75-8635-ea596100c299,200,"2020-10 Cumulative Update for Windows 10 Version 1903 for x64-based Systems (KB4577671)",4577671,,True,10/13/2020 17:00:06,Superseded
3a14b9a0-aaa7-41a6-863f-ab78d3f112c4,202,"Feature update to Windows 10 (consumer editions), version 2004, en-us x86",3012973,,False,05/27/2020 17:00:00,Superseded
b51ee75d-a85c-4cf1-b055-be0d6b2640b9,200,"Feature update to Windows 10 (business editions), version 1909, en-us x64",3012973,,True,11/12/2019 18:00:00,Superseded
f1201f4d-959f-4fe3-8d86-5b7ce244ffc9,200,"Feature update to Windows 10 (consumer editions), version 20H2, en-us x86",3012973,,False,10/20/2020 17:00:00,Superseded
f0640336-4353-459f-8669-fb3ac1382fad,200,"2020-10 Security Update for Adobe Flash Player for Windows 10 Version 1909 for ARM64-based Systems (KB4580325)",4580325,,False,10/13/2020 17:00:16,Windows 10 Version: 1909
a431bee4-72a9-4b5d-ac23-fd993ecd223a,202,"Feature update to Windows 10 (business editions), version 2004, en-gb x64",3012973,,False,05/27/2020 17:00:00,Superseded
c4223a46-1f35-41d8-ac8e-d2772d017f90,200,"2020-10 Cumulative Update for Windows 10 Version 1909 for x86-based Systems (KB4577671)",4577671,,True,10/13/2020 17:00:06,Superseded
1656cdd2-2e73-4fd8-9ab9-02097d5c7544,202,"Feature update to Windows 10 (business editions), version 2004, en-us x64",3012973,,False,05/27/2020 17:00:00,Superseded
efc11ff9-686f-4668-a5f4-3d9cb8df25cf,200,"Feature update to Windows 10 (business editions), version 1909, en-gb x64",3012973,,True,11/12/2019 18:00:00,Superseded
04072ab4-32b7-49eb-8a92-5fcb601f6a32,202,"Feature update to Windows 10 (consumer editions), version 2004, en-gb x86",3012973,,False,05/27/2020 17:00:00,Superseded
ab6d0a4a-883f-4759-b47a-6b3294e55433,200,"2020-10 Cumulative Update for Windows 10 Version 2004 for ARM64-based Systems (KB4579311)",4579311,,True,10/13/2020 17:00:06,Superseded
85c55c69-7010-4542-8c59-ba1d798481ea,200,"Feature update to Windows 10 (consumer editions), version 1909, en-gb x64",3012973,,True,11/12/2019 18:00:00,Superseded
1c99154d-f06c-40e7-a7cf-f2ae3002372e,200,"Feature update to Windows 10 (consumer editions), version 20H2, en-gb x64",3012973,,False,10/20/2020 17:00:00,Superseded
f2f93c97-a24f-4de0-9d79-25f04feb9913,203,"The new Microsoft Edge for Windows 10 Version 1909 for ARM64-based Systems (KB4584642)",4584642,,False,10/29/2020 17:00:06,Windows 10 Version: 1909
7dd8e214-9bae-47c6-adbc-a2a50380ba8d,201,"Feature update to Windows 10 (business editions), version 1909, en-us arm64",3012973,,True,11/09/2020 18:00:00,Windows 10 Edition
a883b704-d6bc-4e28-a3e8-dbfdd339f742,203,"Feature Update to Windows 10 Version 20H2 x86-based systems 2020-10 via Enablement Package",4562830,,False,10/20/2020 17:00:00,Superseded
33d0c1d5-76a5-44d4-94a6-b61b5d5915e9,200,"Feature update to Windows 10 (consumer editions), version 20H2, en-us x86",3012973,,True,11/09/2020 18:00:00,Superseded
7b16138b-988d-4ea0-ba1e-0c82d731b6ed,201,"Feature update to Windows 10 (consumer editions), version 2004, en-gb x64",3012973,,True,11/09/2020 18:00:05,Windows 10 Edition
8a51f1b6-180c-4a2b-92b7-6b2797f3ed7c,201,"Feature update to Windows 10 (consumer editions), version 2004, en-gb x86",3012973,,True,11/09/2020 18:00:05,Windows 10 Edition
1a2878a6-cbcd-4a92-99ca-303a80121104,201,"Feature update to Windows 10 (business editions), version 1909, en-gb arm64",3012973,,True,11/09/2020 18:00:00,Windows 10 Edition
4f7e5621-980e-4ca1-a6e8-1375e3712519,201,"Feature update to Windows 10 (business editions), version 1909, en-us x86",3012973,,True,11/09/2020 18:00:00,Windows 10 Edition
a3165c54-5968-4613-9c86-6da2b4dcd041,200,"Feature update to Windows 10 (business editions), version 20H2, en-gb x64",3012973,,True,11/09/2020 18:00:00,Superseded
04c45e20-e3df-48bf-94c2-b950b1d36b7b,200,"Feature update to Windows 10 (business editions), version 20H2, en-us arm64",3012973,,False,10/20/2020 17:00:00,Superseded
21a35e06-8eb9-4db6-a9b8-a89886e57a1e,203,"The new Microsoft Edge for Windows 10 Version 2004 for x64-based Systems (KB4584642)",4584642,,False,10/29/2020 17:00:06,Windows 10 Version: 2004
b4085991-e296-443c-bfc9-6f4bde4b9878,203,"The new Microsoft Edge for Windows 10 Version 2004 for x86-based Systems (KB4584642)",4584642,,False,10/29/2020 17:00:06,Windows 10 Version: 2004
e02e9b74-fd0c-42b7-a4cb-c878f338631d,201,"Feature update to Windows 10 (business editions), version 1909, en-gb x86",3012973,,True,11/09/2020 18:00:00,Windows 10 Edition
667c687b-f473-4222-af02-3c9594c86fe4,201,"Feature update to Windows 10 (business editions), version 2004, en-us x64",3012973,,True,11/09/2020 18:00:05,Windows 10 Edition
b5d7129b-af97-45b1-a997-105bf60e6fd6,201,"Feature update to Windows 10 (consumer editions), version 2004, en-us x64",3012973,,True,11/09/2020 18:00:05,Windows 10 Edition
de66498e-7ef8-4e29-b69b-ffc91e9706c0,201,"Feature update to Windows 10 (business editions), version 1909, en-us x64",3012973,,True,11/09/2020 18:00:00,Windows 10 Edition
b91284d3-12f8-469e-b120-4778f43f3424,201,"Feature update to Windows 10 (business editions), version 2004, en-gb x64",3012973,,True,11/09/2020 18:00:05,Windows 10 Edition
a3ea68ef-a195-4f57-b0bb-9eae71651015,200,"Feature update to Windows 10 (consumer editions), version 20H2, en-us x64",3012973,,False,10/20/2020 17:00:00,Superseded
dbb3e666-fd5e-4718-bad8-ddccf69b2603,200,"Feature update to Windows 10 (consumer editions), version 20H2, en-gb x86",3012973,,False,10/20/2020 17:00:00,Superseded
4d97cfbf-50ca-43d3-8f5b-c0add00b520c,200,"The new Microsoft Edge for Windows 10 Version 1903 for x64-based Systems (KB4584642)",4584642,,False,10/29/2020 17:00:14,Windows 10 Version: 1903
8515677b-871b-4c4a-aa9a-2cc0f37b0073,200,"Feature update to Windows 10 (business editions), version 20H2, en-us x64",3012973,,True,11/09/2020 18:00:00,Superseded
44066ea6-1e0c-4861-bfa6-4267f808fc79,201,"Feature update to Windows 10 (business editions), version 1909, en-gb x64",3012973,,True,11/09/2020 18:00:00,Windows 10 Edition
d61cbaa9-6ab2-47c5-b9d1-a65deaff6dd4,200,"2020-11 Cumulative Update for Windows 10 Version 1903 for x64-based Systems (KB4586786)",4586786,,True,11/10/2020 18:00:06,Superseded
a8e90861-3f54-4c0c-98fd-40dce45ed3ec,203,"The new Microsoft Edge for Windows 10 Version 1903 for ARM64-based Systems (KB4584642)",4584642,,False,10/29/2020 17:00:06,Windows 10 Version: 1903
d10da46d-0233-4e2d-948a-a7c2bb85d753,203,"The new Microsoft Edge for Windows 10 Version 2004 for ARM64-based Systems (KB4584642)",4584642,,False,10/29/2020 17:00:06,Windows 10 Version: 2004
0a121d35-974a-41c6-8a2d-0654d315407d,203,"Feature Update to Windows 10 Version 20H2 ARM64-based systems 2020-10 via Enablement Package",4562830,,False,10/20/2020 17:00:00,Superseded
c2ed837f-aea5-4ca2-a30b-97603fa35c45,201,"Feature update to Windows 10 (consumer editions), version 2004, en-us x86",3012973,,True,11/09/2020 18:00:05,Windows 10 Edition
4bd85c12-c8f3-4929-99bf-41a6731ae270,203,"The new Microsoft Edge for Windows 10 Version 1909 for x64-based Systems (KB4584642)",4584642,,False,10/29/2020 17:00:06,Windows 10 Version: 1909
14665260-88e5-4aa0-b944-de209ab3dbb2,201,"Feature update to Windows 10 (consumer editions), version 1909, en-gb x86",3012973,,True,11/09/2020 18:00:00,Windows 10 Edition
a2713021-8b56-4154-9d8f-c131f7870318,201,"Feature update to Windows 10 (business editions), version 2004, en-gb x86",3012973,,True,11/09/2020 18:00:05,Windows 10 Edition
f46f55f8-cac4-4bb1-aff4-a721e78568cb,203,"The new Microsoft Edge for Windows 10 Version 1909 for x86-based Systems (KB4584642)",4584642,,False,10/29/2020 17:00:06,Windows 10 Version: 1909
00590567-2333-4d48-aaf4-e5a00d36975b,201,"Feature update to Windows 10 (consumer editions), version 20H2, en-gb x86",3012973,,True,11/09/2020 18:00:00,Superseded
389bb816-cb13-4fa4-bdc9-20dbcc2b7226,201,"Feature update to Windows 10 (consumer editions), version 1909, en-gb x64",3012973,,True,11/09/2020 18:00:00,Windows 10 Edition
6e26bd56-0744-4e0d-96c9-0e827af03b5f,200,"Feature update to Windows 10 (business editions), version 20H2, en-us arm64",3012973,,True,11/09/2020 18:00:00,Superseded
00b118a4-9017-41f4-ba05-917281cfc2d7,201,"Feature update to Windows 10 (consumer editions), version 20H2, en-us x64",3012973,,True,11/09/2020 18:00:00,Superseded
d5f32cef-85bf-4052-a79f-c5d497476509,201,"Feature update to Windows 10 (consumer editions), version 1909, en-us x64",3012973,,True,11/09/2020 18:00:00,Windows 10 Edition
d6d35b34-003a-4825-b46f-231c6b70158c,203,"Feature Update to Windows 10 Version 20H2 x64-based systems 2020-10 via Enablement Package",4562830,,False,10/20/2020 17:00:00,Superseded
f37f7054-7f16-4a28-8842-64dabfb1f46e,200,"Feature update to Windows 10 (consumer editions), version 20H2, en-gb x64",3012973,,True,11/09/2020 18:00:00,Superseded
99d90154-c08d-4790-852a-1715116179cb,201,"Feature update to Windows 10 (consumer editions), version 1909, en-us x86",3012973,,True,11/09/2020 18:00:00,Windows 10 Edition
acaa763e-5c9c-4f86-bea9-963f9c3167b4,201,"Feature update to Windows 10 (business editions), version 2004, en-us arm64",3012973,,True,11/09/2020 18:00:05,Windows 10 Edition
ab2be225-ed2e-4a76-9d3e-ee9ee6094efe,200,"Feature update to Windows 10 (business editions), version 20H2, en-gb arm64",3012973,,True,11/09/2020 18:00:00,Superseded
0bbd57bc-d42d-47d4-8101-708210d780d7,200,"Feature update to Windows 10 (business editions), version 20H2, en-gb x86",3012973,,True,11/09/2020 18:00:00,Superseded
b6d71b7d-417a-4c08-bc9a-1180b73727d8,201,"Feature update to Windows 10 (business editions), version 2004, en-us x86",3012973,,True,11/09/2020 18:00:05,Windows 10 Edition
389c417c-f30b-4503-a0f7-91a83e50fb13,203,"The new Microsoft Edge for Windows 10 Version 1903 for x86-based Systems (KB4584642)",4584642,,False,10/29/2020 17:00:06,Windows 10 Version: 1903
d2d7d2bf-a717-4e50-8774-2a113f81cb8c,200,"Feature update to Windows 10 (business editions), version 20H2, en-us x86",3012973,,True,11/09/2020 18:00:00,Superseded
6197ee55-0a7b-4df9-90a7-58e91b80a481,201,"Feature update to Windows 10 (business editions), version 2004, en-gb arm64",3012973,,True,11/09/2020 18:00:05,Windows 10 Edition
c475c834-c4d6-42ef-b0af-2939fcd12871,200,"2020-11 Cumulative Update for Windows 10 Version 2004 for x86-based Systems (KB4586781)",4586781,,True,11/10/2020 18:00:06,Superseded
9ccd36c2-abdc-4006-89dd-dcd544a0c99f,200,"2020-11 Servicing Stack Update for Windows 10 Version 1909 for ARM64-based Systems (KB4586863)",4586863,,True,11/10/2020 18:00:06,Superseded
8e9e9f2d-448e-46ba-a14d-6f42d5c6fd0d,200,"2020-11 Cumulative Update for Windows 10 Version 20H2 for x86-based Systems (KB4586781)",4586781,,True,11/10/2020 18:00:06,Superseded
8088355e-3873-4912-a85e-32d67df681af,200,"2020-11 Cumulative Update for Windows 10 Version 2004 for x64-based Systems (KB4586781)",4586781,,True,11/10/2020 18:00:06,Superseded
9b7acdbd-7ad4-4388-a18a-beb42d091d87,200,"2020-11 Cumulative Update for Windows 10 Version 20H2 for x64-based Systems (KB4586781)",4586781,,True,11/10/2020 18:00:06,Superseded
05850bde-919a-485f-8e61-972b2f5507bd,200,"2020-11 Servicing Stack Update for Windows 10 Version 1909 for x86-based Systems (KB4586863)",4586863,,True,11/10/2020 18:00:06,Superseded
d91207ed-295f-4aca-abed-8a68a91c2194,200,"2020-12 Servicing Stack Update for Windows 10 Version 2004 for x86-based Systems (KB4593175)",4593175,,True,12/08/2020 18:00:06,Superseded
260881b5-3d2b-403e-938d-f0e2ff0d1b5a,200,"2020-11 Cumulative Update for Windows 10 Version 2004 for ARM64-based Systems (KB4586781)",4586781,,True,11/10/2020 18:00:06,Superseded
75143eba-5e40-4a99-88bb-94063e012544,200,"2020-12 Servicing Stack Update for Windows 10 Version 20H2 for ARM64-based Systems (KB4593175)",4593175,,True,12/08/2020 18:00:06,Superseded
3798fb24-78f4-4e02-98e2-0b8c13f2bf59,200,"2020-11 Servicing Stack Update for Windows 10 Version 20H2 for ARM64-based Systems (KB4586864)",4586864,,True,11/10/2020 18:00:06,Superseded
639cae64-91b2-444e-9810-50ef1637c7e2,200,"2020-12 Cumulative Update for Windows 10 Version 1903 for x64-based Systems (KB4592449)",4592449,,True,12/08/2020 18:00:06,Windows 10 Version: 1903
89f5e290-883b-4eda-a95f-5193ef3e6125,200,"2020-12 Cumulative Update for Windows 10 Version 1909 for x64-based Systems (KB4592449)",4592449,,True,12/08/2020 18:00:06,Superseded
5eb0f7af-07fe-425d-8568-dc0d4c753a73,200,"2020-11 Servicing Stack Update for Windows 10 Version 2004 for ARM64-based Systems (KB4586864)",4586864,,True,11/10/2020 18:00:06,Superseded
294320ec-d717-49e1-b633-498ea5f26afe,201,"2020-11 Cumulative Update for Windows 10 Version 1909 for ARM64-based Systems (KB4586786)",4586786,,True,11/10/2020 18:00:06,Superseded
d0d36236-5587-494f-85d5-26a519ea7f99,201,"Feature update to Windows 10 (business editions), version 20H2, en-us x64",3012973,,True,12/03/2020 18:00:00,Windows 10 Edition
1a3c0fcd-515c-4936-93af-e3ac47a524e1,201,"Feature update to Windows 10 (business editions), version 20H2, en-us x86",3012973,,True,12/03/2020 18:00:00,Windows 10 Edition
a4a468fa-7af2-49cb-988e-f275e26bb6e4,200,"2020-12 Servicing Stack Update for Windows 10 Version 2004 for x64-based Systems (KB4593175)",4593175,,True,12/08/2020 18:00:06,Superseded
20314e1f-9ed1-458d-815d-a873cfa0b875,200,"2020-11 Servicing Stack Update for Windows 10 Version 2004 for x86-based Systems (KB4586864)",4586864,,True,11/10/2020 18:00:06,Superseded
ebaf7db7-9c15-4024-b4fb-4d9dcf27797f,200,"2020-12 Cumulative Update for Windows 10 Version 1909 for ARM64-based Systems (KB4592449)",4592449,,True,12/08/2020 18:00:06,Superseded
e984ae02-36b4-4655-abe8-4c7b04ffa0cc,201,"Feature update to Windows 10 (consumer editions), version 20H2, en-us x64",3012973,,True,12/03/2020 18:00:00,Windows 10 Edition
3baefdcc-2d3a-49c5-ae12-6d40ce0fbdaa,200,"2020-11 Cumulative Update for Windows 10 Version 1909 for x86-based Systems (KB4586786)",4586786,,True,11/10/2020 18:00:06,Superseded
e87d5ca2-ee15-47d1-96f7-ae97b8d08d25,201,"Feature update to Windows 10 (business editions), version 20H2, en-gb x86",3012973,,True,12/03/2020 18:00:00,Windows 10 Edition
f2ed57b7-5182-42eb-bcba-da62ece0de9d,200,"2020-11 Servicing Stack Update for Windows 10 Version 1909 for x64-based Systems (KB4586863)",4586863,,True,11/10/2020 18:00:06,Superseded
dd71c9f6-4996-49ac-abaa-4e5d9c4084a1,200,"2020-11 Cumulative Update for Windows 10 Version 20H2 for ARM64-based Systems (KB4586781)",4586781,,True,11/10/2020 18:00:06,Superseded
de8b7fae-b471-4728-8f60-bb3131ecfdd8,200,"2020-11 Servicing Stack Update for Windows 10 Version 1903 for x64-based Systems (KB4586863)",4586863,,True,11/10/2020 18:00:06,Windows 10 Version: 1903
d60f79c8-b7c5-4230-a32c-214b83fd51a2,200,"2020-11 Servicing Stack Update for Windows 10 Version 20H2 for x64-based Systems (KB4586864)",4586864,,True,11/10/2020 18:00:06,Superseded
cd83dd1a-acaa-4b6a-9d49-079aea38aca2,200,"2020-11 Servicing Stack Update for Windows 10 Version 20H2 for x86-based Systems (KB4586864)",4586864,,True,11/10/2020 18:00:06,Superseded
35afaa5f-e4b9-41b5-802e-ccf3e143aa45,200,"2020-12 Cumulative Update for Windows 10 Version 1903 for ARM64-based Systems (KB4592449)",4592449,,True,12/08/2020 18:00:06,Windows 10 Version: 1903
31f82d18-274a-4670-aa6e-19c0f7b6e4e9,200,"2020-12 Cumulative Update for Windows 10 Version 2004 for x86-based Systems (KB4592438)",4592438,,True,12/08/2020 18:00:06,Superseded
a8f1433e-b425-47d0-9693-b44c510385ad,200,"2020-11 Cumulative Update for Windows 10 Version 1909 for x64-based Systems (KB4586786)",4586786,,True,11/10/2020 18:00:06,Superseded
673709c6-e1ed-40d1-a806-93c585c8b035,200,"2020-11 Servicing Stack Update for Windows 10 Version 1903 for x86-based Systems (KB4586863)",4586863,,True,11/10/2020 18:00:06,Windows 10 Version: 1903
8b465a2c-7e97-4cfd-81f1-7cd37a39537c,200,"2020-11 Cumulative Update for Windows 10 Version 1903 for ARM64-based Systems (KB4586786)",4586786,,True,11/10/2020 18:00:06,Superseded
7cec4f0b-7e8a-422f-9584-b9f9b1979820,200,"2020-11 Servicing Stack Update for Windows 10 Version 2004 for x64-based Systems (KB4586864)",4586864,,True,11/10/2020 18:00:06,Superseded
35294f91-18e6-4817-b8ff-d46c1dbd65f9,200,"2020-12 Cumulative Update for Windows 10 Version 2004 for ARM64-based Systems (KB4592438)",4592438,,True,12/08/2020 18:00:06,Superseded
c01db193-86b6-475e-933e-e7236ebd3acd,200,"2020-12 Servicing Stack Update for Windows 10 Version 20H2 for x86-based Systems (KB4593175)",4593175,,True,12/08/2020 18:00:06,Superseded
77c3e8e7-d6bc-444e-984e-bdfb39bc8141,200,"2020-12 Servicing Stack Update for Windows 10 Version 20H2 for x64-based Systems (KB4593175)",4593175,,True,12/08/2020 18:00:06,Superseded
0b7c9ef2-f792-4640-8af9-dd038d4320d0,201,"Feature update to Windows 10 (consumer editions), version 20H2, en-gb x64",3012973,,True,12/03/2020 18:00:00,Windows 10 Edition
80ec969b-d66f-44ff-a44f-3e818e9574f1,200,"2020-12 Cumulative Update for Windows 10 Version 1909 for x86-based Systems (KB4592449)",4592449,,True,12/08/2020 18:00:06,Superseded
61c4edff-a332-4c48-b3bc-820ca093f20f,200,"2020-11 Servicing Stack Update for Windows 10 Version 1903 for ARM64-based Systems (KB4586863)",4586863,,True,11/10/2020 18:00:06,Windows 10 Version: 1903
4e52a2cc-073b-4c81-b721-128a562c6df8,201,"Feature update to Windows 10 (consumer editions), version 20H2, en-gb x86",3012973,,True,12/03/2020 18:00:00,Windows 10 Edition
cb11c3e0-5622-4b6e-b52c-9c025f077db6,201,"Feature update to Windows 10 (consumer editions), version 20H2, en-us x86",3012973,,True,12/03/2020 18:00:00,Windows 10 Edition
740f73fd-e81c-45dc-b756-30e3b0ff1d88,201,"Feature update to Windows 10 (business editions), version 20H2, en-gb x64",3012973,,True,12/03/2020 18:00:00,Windows 10 Edition
92e8e8e0-ecd6-4714-95c7-2936757fdac1,201,"Feature update to Windows 10 (business editions), version 20H2, en-us arm64",3012973,,True,12/03/2020 18:00:00,Windows 10 Edition
c63524c8-3dfb-43a5-883c-84e6cc1822c8,200,"2020-11 Cumulative Update for Windows 10 Version 1903 for x86-based Systems (KB4586786)",4586786,,True,11/10/2020 18:00:06,Superseded
8eb773b8-808c-4a1d-ae06-fd4de59378fb,200,"2020-12 Cumulative Update for Windows 10 Version 20H2 for x86-based Systems (KB4592438)",4592438,,True,12/08/2020 18:00:06,Superseded
bca20c38-7cd4-45bc-9589-64945593bb40,200,"2020-12 Servicing Stack Update for Windows 10 Version 2004 for ARM64-based Systems (KB4593175)",4593175,,True,12/08/2020 18:00:06,Superseded
764cdcdc-9f41-493d-a57e-eb336c5b1ca9,201,"Feature update to Windows 10 (business editions), version 20H2, en-gb arm64",3012973,,True,12/03/2020 18:00:00,Windows 10 Edition
7c439633-6b47-44a1-aa10-00d0ea4251bd,200,"2021-01 Cumulative Update for .NET Framework 3.5 and 4.8 for Windows 10 Version 2004 for x64 (KB4586876)",4586876,,True,01/12/2021 18:00:00,Superseded
8c68ee33-613b-49df-8d6e-b627a369022d,200,"2021-01 Cumulative Update for .NET Framework 3.5 and 4.8 for Windows 10 Version 1909 (KB4586878)",4586878,,True,01/12/2021 18:00:00,Superseded
76fa5373-59c3-4d98-984c-6d87354143cf,200,"2021-01 Cumulative Update for .NET Framework 3.5 and 4.8 for Windows 10, version 20H2 for x64 (KB4586876)",4586876,,True,01/12/2021 18:00:00,Superseded
e5f5ab95-da61-4209-bab9-f39559b8e9d0,200,"2021-01 Servicing Stack Update for Windows 10 Version 20H2 for ARM64-based Systems (KB4598481)",4598481,,True,01/12/2021 18:00:06,Superseded
9222e79e-648e-46af-876b-6fb5176957a5,200,"2021-01 Cumulative Update for .NET Framework 3.5 and 4.8 for Windows 10 Version 1909 for ARM64 (KB4586878)",4586878,,True,01/12/2021 18:00:00,Superseded
d08b7fea-4dc5-451d-814e-6c5d7ac26579,200,"2021-01 Servicing Stack Update for Windows 10 Version 1909 for x64-based Systems (KB4598479)",4598479,,True,01/12/2021 18:00:06,Superseded
820c820a-2445-462e-bbf6-89abd30bd12b,200,"2021-01 Cumulative Update for .NET Framework 3.5 and 4.8 for Windows 10 Version 2004 (KB4586876)",4586876,,True,01/12/2021 18:00:00,Superseded
4f1e32fe-5789-4aed-aefb-3a842d645516,200,"2021-01 Cumulative Update for .NET Framework 3.5 and 4.8 for Windows 10 Version 2004 for ARM64 (KB4586876)",4586876,,True,01/12/2021 18:00:00,Superseded
81124e76-3f8f-4dfb-b899-a57d6a5aa777,200,"2021-01 Cumulative Update for .NET Framework 3.5 and 4.8 for Windows 10, version 20H2 (KB4586876)",4586876,,True,01/12/2021 18:00:00,Superseded
3d836b31-e6d5-4184-879a-a0b42d0e0ff5,200,"2021-01 Servicing Stack Update for Windows 10 Version 2004 for ARM64-based Systems (KB4598481)",4598481,,True,01/12/2021 18:00:06,Superseded
48984454-5eae-4889-8b38-a68763bba701,200,"2021-01 Cumulative Update for .NET Framework 3.5 and 4.8 for Windows 10 Version 1909 for x64 (KB4586878)",4586878,,True,01/12/2021 18:00:00,Superseded
1784deef-9f7c-485b-83e8-be27905f397b,200,"2021-01 Cumulative Update for .NET Framework 3.5 and 4.8 for Windows 10, version 20H2 for ARM64 (KB4586876)",4586876,,True,01/12/2021 18:00:00,Superseded
958b5e61-f7d0-4fa5-9913-2ee153443309,200,"2021-01 Cumulative Update for Windows 10 Version 20H2 for ARM64-based Systems (KB4598242)",4598242,,True,01/12/2021 18:00:06,Superseded
c6713f1f-9911-4f1e-bbd7-86f9ea5c91f0,200,"2021-01 Cumulative Update for Windows 10 Version 1909 for x86-based Systems (KB4598229)",4598229,,True,01/12/2021 18:00:06,Superseded
380fe623-8079-446d-8dc2-4644841f42ef,200,"2021-01 Cumulative Update for Windows 10 Version 2004 for x64-based Systems (KB4598242)",4598242,,True,01/12/2021 18:00:06,Superseded
8ec6f709-555a-4d24-852c-4b176acb7777,200,"2021-01 Cumulative Update for Windows 10 Version 1909 for ARM64-based Systems (KB4598229)",4598229,,True,01/12/2021 18:00:06,Superseded
ec4f64ba-992b-464d-bc4b-ea800be58dd6,201,"2020-11 Cumulative Update for .NET Framework 3.5 and 4.8 for Windows 10 Version 1909 for ARM64 (KB4580980)",4580980,,False,01/12/2021 18:00:00,Superseded
105091d3-5530-48c1-80af-aebf88d4694c,201,"2020-11 Cumulative Update for .NET Framework 3.5 and 4.8 for Windows 10 Version 2004 for ARM64 (KB4580419)",4580419,,False,01/12/2021 18:00:00,Superseded
171d7871-ba9d-4d4e-bce4-4a027e1734b1,201,"2020-11 Cumulative Update for .NET Framework 3.5 and 4.8 for Windows 10 Version 2004 for x64 (KB4580419)",4580419,,False,01/12/2021 18:00:00,Superseded
56aef755-22a7-4ffb-8d8f-4ab40cfa418e,200,"2021-01 Servicing Stack Update for Windows 10 Version 20H2 for x86-based Systems (KB4598481)",4598481,,True,01/12/2021 18:00:06,Superseded
ad5fc2f6-690c-46fa-9c50-09c336027dcf,201,"2020-11 Cumulative Update for .NET Framework 3.5 and 4.8 for Windows 10, version 20H2 (KB4580419)",4580419,,False,01/12/2021 18:00:00,Superseded
bb382cf3-4e9c-4155-be20-a93b989704eb,200,"2021-01 Cumulative Update for Windows 10 Version 20H2 for x64-based Systems (KB4598242)",4598242,,True,01/12/2021 18:00:06,Superseded
16d8a1cd-0917-4a95-87f1-c5545a2a3b78,200,"2020-12 Cumulative Update for Windows 10 Version 2004 for x64-based Systems (KB4592438)",4592438,,True,12/08/2020 18:00:06,Superseded
15977794-6659-4a77-8697-52dc35b9ee4d,200,"2020-12 Cumulative Update for Windows 10 Version 20H2 for x64-based Systems (KB4592438)",4592438,,True,12/08/2020 18:00:06,Superseded
05f40647-3815-465b-8f23-977beb5f8143,200,"2020-12 Cumulative Update for Windows 10 Version 1903 for x86-based Systems (KB4592449)",4592449,,True,12/08/2020 18:00:06,Windows 10 Version: 1903
cf5b7ab3-1684-4893-a334-506fd026d1a6,201,"2020-11 Cumulative Update for .NET Framework 3.5 and 4.8 for Windows 10, version 20H2 for x64 (KB4580419)",4580419,,False,01/12/2021 18:00:00,Superseded
3273e6f1-6532-4473-ba22-4d656cbb74ae,201,"2020-11 Cumulative Update for .NET Framework 3.5 and 4.8 for Windows 10 Version 1903 for x64 (KB4580980)",4580980,,False,01/12/2021 18:00:00,Windows 10 Version: 1903
b913b88a-2d05-455c-bba9-8b594d6fa6dd,200,"2020-12 Cumulative Update for Windows 10 Version 20H2 for ARM64-based Systems (KB4592438)",4592438,,True,12/08/2020 18:00:06,Superseded
bf8424dc-3737-4ffe-b9ec-6cd82aad298e,200,"2021-01 Servicing Stack Update for Windows 10 Version 1909 for ARM64-based Systems (KB4598479)",4598479,,True,01/12/2021 18:00:06,Superseded
63530817-9886-4b22-925b-57a60398a5ea,201,"2020-11 Cumulative Update for .NET Framework 3.5 and 4.8 for Windows 10 Version 1909 (KB4580980)",4580980,,False,01/12/2021 18:00:00,Superseded
a07b10ec-f301-4b25-bdf6-830d00270ff0,201,"2020-11 Cumulative Update for .NET Framework 3.5 and 4.8 for Windows 10 Version 2004 (KB4580419)",4580419,,False,01/12/2021 18:00:00,Superseded
97169e13-5dbd-4119-b878-0867d6e8bbfb,200,"2021-01 Cumulative Update for Windows 10 Version 1909 for x64-based Systems (KB4598229)",4598229,,True,01/12/2021 18:00:06,Superseded
010e1692-2dc2-48a3-a92a-21cd5d5dd130,201,"2020-11 Cumulative Update for .NET Framework 3.5 and 4.8 for Windows 10, version 20H2 for ARM64 (KB4580419)",4580419,,False,01/12/2021 18:00:00,Superseded
75a57e55-829f-460d-9a92-c91409e6a0f1,200,"2021-01 Servicing Stack Update for Windows 10 Version 2004 for x86-based Systems (KB4598481)",4598481,,True,01/12/2021 18:00:06,Superseded
fa5a902b-6b19-46ae-b032-16e3e6119cbc,200,"2021-01 Servicing Stack Update for Windows 10 Version 1909 for x86-based Systems (KB4598479)",4598479,,True,01/12/2021 18:00:06,Superseded
246f0bcd-c722-44e0-86b7-8589fffc99b7,200,"2021-01 Cumulative Update for Windows 10 Version 2004 for x86-based Systems (KB4598242)",4598242,,True,01/12/2021 18:00:06,Superseded
b75924a8-ab51-4d5c-a69f-460306d39fd2,200,"2021-01 Cumulative Update for Windows 10 Version 20H2 for x86-based Systems (KB4598242)",4598242,,True,01/12/2021 18:00:06,Superseded
b47becf8-79aa-487a-8def-e62bf39821d3,200,"2021-01 Cumulative Update for Windows 10 Version 2004 for ARM64-based Systems (KB4598242)",4598242,,True,01/12/2021 18:00:06,Superseded
21f1508f-973f-4005-bddd-3b6e68ff8da8,200,"Security Update for Windows 10 Version 1909 for x64-based Systems (KB4535680)",4535680,,False,01/12/2021 18:00:00,Windows 10 Version: 1909
399b37de-e7ae-4c2a-b18c-4f2b7245da14,201,"2020-11 Cumulative Update for .NET Framework 3.5 and 4.8 for Windows 10 Version 1903 (KB4580980)",4580980,,False,01/12/2021 18:00:00,Windows 10 Version: 1903
774ec963-65e7-4c81-96e8-d229c10c3d00,200,"2021-01 Servicing Stack Update for Windows 10 Version 2004 for x64-based Systems (KB4598481)",4598481,,True,01/12/2021 18:00:06,Superseded
cad7a3ac-2752-4a0a-b2b4-791a7448bffc,201,"2020-11 Cumulative Update for .NET Framework 3.5 and 4.8 for Windows 10 Version 1909 for x64 (KB4580980)",4580980,,False,01/12/2021 18:00:00,Superseded
e84c2299-9a69-485e-a88b-4a3562747dc8,200,"2021-01 Servicing Stack Update for Windows 10 Version 20H2 for x64-based Systems (KB4598481)",4598481,,True,01/12/2021 18:00:06,Superseded
a34ec6d9-db8c-4ba5-b23d-dfd0b53d071a,201,"2020-11 Cumulative Update for .NET Framework 3.5 and 4.8 for Windows 10 Version 1903 for ARM64 (KB4580980)",4580980,,False,01/12/2021 18:00:00,Windows 10 Version: 1903
7ab929a6-5769-454a-9c23-eba57e59965e,200,"2021-03 Cumulative Update for Windows 10 Version 20H2 for x64-based Systems (KB5000802)",5000802,,True,03/09/2021 18:00:07,Superseded
7b71c4d9-037f-47c0-83e7-4c224a1e2536,200,"2021-02 Cumulative Update for .NET Framework 3.5 and 4.8 for Windows 10 Version 1909 for x64 (KB4601056)",4601056,,True,02/09/2021 18:00:00,Windows 10 Version: 1909
a0802032-eb5b-48b3-bbe6-4b05ba4aea5f,204,"2021-01 Update for Windows 10 Version 2004 for x64-based Systems (KB4589212)",4589212,,False,03/09/2021 22:02:07,Windows 10 Version: 2004
0cc1b948-66eb-4d66-a282-6b6fe23cdfaa,203,"Update for Removal of Adobe Flash Player for Windows 10 Version 1909 for ARM64-based systems (KB4577586)",4577586,,False,02/16/2021 22:00:07,Windows 10 Version: 1909
43fb2a10-9258-4a73-a77f-8da035111093,200,"2021-02 Servicing Stack Update for Windows 10 Version 1909 for ARM64-based Systems (KB4601395)",4601395,,True,02/09/2021 18:00:06,Superseded
05935c5a-78b9-4bfa-afae-ad24f444c0dc,200,"2021-03 Cumulative Update for Windows 10 Version 20H2 for x86-based Systems (KB5000802)",5000802,,True,03/09/2021 18:00:11,Superseded
06dc19ed-72b9-404c-a52a-2eb61bc854d8,200,"2021-02 Cumulative Update for Windows 10 Version 1909 for ARM64-based Systems (KB4601315)",4601315,,True,02/09/2021 18:00:06,Superseded
4202746d-27d9-48c2-9568-2e4839a9c16b,200,"2021-02 Cumulative Update for Windows 10 Version 2004 for x64-based Systems (KB4601319)",4601319,,True,02/09/2021 18:00:06,Superseded
2e7f4e50-3b9c-484e-a1b0-5d67cede2954,200,"2021-03 Cumulative Update for Windows 10 Version 1909 for x86-based Systems (KB5000808)",5000808,,True,03/09/2021 18:00:06,Superseded
a7077557-31c7-4678-b5a1-88d61f0edc82,203,"Update for Removal of Adobe Flash Player for Windows 10 Version 2004 for x86-based systems (KB4577586)",4577586,,False,02/16/2021 22:00:06,Windows 10 Version: 2004
aee1e444-20c7-4adb-9bb6-e29caa13c407,203,"Update for Removal of Adobe Flash Player for Windows 10 Version 1909 for x64-based systems (KB4577586)",4577586,,False,02/16/2021 22:00:07,Windows 10 Version: 1909
2c164bd0-4316-46e2-b81a-a6bda2287ad1,200,"2021-02 Cumulative Update for Windows 10 Version 1909 for x64-based Systems (KB4601315)",4601315,,True,02/09/2021 18:00:06,Superseded
ce6bbe93-c867-4a63-8357-99d2d13820dd,200,"2021-03 Cumulative Update for Windows 10 Version 2004 for x86-based Systems (KB5000802)",5000802,,True,03/09/2021 18:00:08,Superseded
1260ef40-6aac-48ac-89c3-749c63f60b2e,200,"2021-03 Cumulative Update for Windows 10 Version 2004 for ARM64-based Systems (KB5000802)",5000802,,True,03/09/2021 18:00:12,Superseded
55b5052f-d999-4ee3-9681-aabf0a199c0c,200,"2021-02 Servicing Stack Update for Windows 10 Version 1909 for x64-based Systems (KB4601395)",4601395,,True,02/09/2021 18:00:06,Superseded
021777cb-1b74-4922-8f25-8d426fe4c49d,200,"2021-02 Cumulative Update for Windows 10 Version 1909 for ARM64-based Systems (KB5001028)",5001028,,True,02/11/2021 18:00:06,Superseded
4f44f464-5b5f-4afc-813d-d60fc692ae6e,200,"2021-02 Cumulative Update for Windows 10 Version 1909 for x86-based Systems (KB4601315)",4601315,,True,02/09/2021 18:00:06,Superseded
eaa345b9-d046-4500-a8ac-703cbc0aea4f,201,"2021-02 Cumulative Update for .NET Framework 3.5 and 4.8 for Windows 10 Version 2004 (KB4601050)",4601050,,True,02/09/2021 18:00:00,Windows 10 Version: 2004
8e45a7d1-dc4d-4355-bc84-d206a8778f4d,200,"2021-03 Cumulative Update for Windows 10 Version 20H2 for ARM64-based Systems (KB5000802)",5000802,,True,03/09/2021 18:00:06,Superseded
dfece0bd-5ac1-4843-8007-864d426478ff,200,"2021-02 Cumulative Update for Windows 10 Version 1909 for x86-based Systems (KB5001028)",5001028,,True,02/11/2021 18:00:06,Superseded
33cbba13-fab2-43a6-9636-4fc582b40479,201,"2021-02 Cumulative Update for .NET Framework 3.5 and 4.8 for Windows 10 Version 2004 for x64 (KB4601050)",4601050,,True,02/09/2021 18:00:00,Windows 10 Version: 2004
86b82831-e4fb-4663-b04a-672286365792,200,"2021-02 Cumulative Update for .NET Framework 3.5 and 4.8 for Windows 10 Version 1909 for ARM64 (KB4601056)",4601056,,True,02/09/2021 18:00:00,Windows 10 Version: 1909
91ea53a3-293b-490c-98c0-a9d6eda27f16,203,"2021-01 Update for Windows 10 Version 1909 for x86-based Systems (KB4589211)",4589211,,False,03/09/2021 22:02:06,Windows 10 Version: 1909
f040c8fe-9daa-469b-a9a4-22864bb60acb,200,"2021-03 Cumulative Update for Windows 10 Version 2004 for x64-based Systems (KB5000802)",5000802,,True,03/09/2021 18:00:07,Superseded
9c62e3cb-7ed8-4d5c-801e-4745d61addb1,200,"2021-02 Cumulative Update for Windows 10 Version 1909 for x64-based Systems (KB5001028)",5001028,,True,02/11/2021 18:00:06,Superseded
bd5f48bd-ed13-49e3-8574-20c518ccc882,200,"2021-02 Cumulative Update for .NET Framework 3.5 and 4.8 for Windows 10 Version 1909 (KB4601056)",4601056,,True,02/09/2021 18:00:00,Windows 10 Version: 1909
9e5c75e8-8c03-427b-af70-543d5a37d8f4,200,"2021-03 Servicing Stack Update for Windows 10 Version 1909 for x86-based Systems (KB5000908)",5000908,,True,03/09/2021 18:00:06,Superseded
be459d13-cf9b-4add-aae1-69a83477ae9e,200,"2021-02 Cumulative Update for Windows 10 Version 20H2 for x64-based Systems (KB4601319)",4601319,,True,02/09/2021 18:00:06,Superseded
029feeff-adae-4305-94e4-4b5bf9be44d1,200,"2021-02 Cumulative Update for Windows 10 Version 20H2 for ARM64-based Systems (KB4601319)",4601319,,True,02/09/2021 18:00:06,Superseded
9107486c-3105-47a8-bb0a-f902ff5ffdac,201,"2021-02 Cumulative Update for .NET Framework 3.5 and 4.8 for Windows 10 Version 2004 for ARM64 (KB4601050)",4601050,,True,02/09/2021 18:00:00,Windows 10 Version: 2004
2dd5791b-0f73-4940-92dd-b6e48fef89bf,200,"2021-03 Cumulative Update for Windows 10 Version 1909 for x64-based Systems (KB5000808)",5000808,,True,03/09/2021 18:00:06,Superseded
5a986a59-a24d-480f-b335-7404794df61c,203,"Update for Removal of Adobe Flash Player for Windows 10 Version 2004 for x64-based systems (KB4577586)",4577586,,False,02/16/2021 22:00:06,Windows 10 Version: 2004
7b00658e-0e81-47c6-8cbb-597cf05b9b0c,204,"2021-01 Update for Windows 10 Version 1909 for x64-based Systems (KB4589211)",4589211,,False,03/09/2021 22:02:07,Windows 10 Version: 1909
06b65dc9-c1ea-4a63-97f3-22989d748291,203,"2021-01 Update for Windows 10 Version 2004 for x86-based Systems (KB4589212)",4589212,,False,03/09/2021 22:02:07,Windows 10 Version: 2004
2a5fcdde-9361-4078-8318-2eab79fcf78b,200,"2021-03 Cumulative Update for Windows 10 Version 1909 for ARM64-based Systems (KB5000808)",5000808,,True,03/09/2021 18:00:06,Superseded
26462256-0c72-4485-8ab9-9f6cf8bae355,200,"2021-03 Servicing Stack Update for Windows 10 Version 1909 for ARM64-based Systems (KB5000908)",5000908,,True,03/09/2021 18:00:06,Superseded
aa36287a-6bcc-46b3-844c-5952b594a12e,200,"2021-02 Cumulative Update for Windows 10 Version 2004 for x86-based Systems (KB4601319)",4601319,,True,02/09/2021 18:00:06,Superseded
8407b713-f07e-4fff-9163-6e15e4e712d0,200,"2021-02 Cumulative Update for Windows 10 Version 2004 for ARM64-based Systems (KB4601319)",4601319,,True,02/09/2021 18:00:06,Superseded
c657efc6-df93-46be-b909-27da64f002eb,203,"Update for Removal of Adobe Flash Player for Windows 10 Version 2004 for ARM64-based systems (KB4577586)",4577586,,False,02/16/2021 22:00:08,Windows 10 Version: 2004
e3422cab-e611-402b-b4c5-91fdf852b75b,200,"2021-02 Cumulative Update for Windows 10 Version 20H2 for x86-based Systems (KB4601319)",4601319,,True,02/09/2021 18:00:06,Superseded
d6af4932-9ba7-4aee-867f-17c919060c36,200,"2021-03 Servicing Stack Update for Windows 10 Version 1909 for x64-based Systems (KB5000908)",5000908,,True,03/09/2021 18:00:06,Superseded
185f7353-91cf-4f5c-ae1b-b49bc885ca0c,203,"Update for Removal of Adobe Flash Player for Windows 10 Version 1909 for x86-based systems (KB4577586)",4577586,,False,02/16/2021 22:00:07,Windows 10 Version: 1909
10590854-42de-4a4c-a03f-d22ac2296a52,200,"2021-02 Servicing Stack Update for Windows 10 Version 1909 for x86-based Systems (KB4601395)",4601395,,True,02/09/2021 18:00:06,Superseded
faecc24c-aace-49ce-8aee-742d7a757fc5,200,"2021-04 Cumulative Update for Windows 10 Version 2004 for ARM64-based Systems (KB5001330)",5001330,,True,04/13/2021 17:00:10,Windows 10 Version: 2004
6ec13d2d-306c-41fe-83bf-9789346721bf,200,"2021-04 Cumulative Update for Windows 10 Version 1909 for x86-based Systems (KB5001337)",5001337,,True,04/13/2021 17:00:06,Windows 10 Version: 1909
c0bde0a1-5d72-4d51-97f1-52fd46d9b5ae,200,"2021-04 Cumulative Update for Windows 10 Version 2004 for x64-based Systems (KB5001330)",5001330,,True,04/13/2021 17:00:09,Windows 10 Version: 2004
5088afe6-2acb-4cde-ba3b-c39c5a2387d3,200,"2021-04 Cumulative Update for Windows 10 Version 1909 for ARM64-based Systems (KB5001337)",5001337,,True,04/13/2021 17:00:06,Windows 10 Version: 1909
7bdf3436-25e2-4b8e-a824-d28049952f87,200,"2021-04 Servicing Stack Update for Windows 10 Version 1909 for x64-based Systems (KB5001406)",5001406,,True,04/13/2021 17:00:06,Windows 10 Version: 1909
655c8fae-43dc-430b-a98b-b0e78e75f58d,200,"2021-04 Servicing Stack Update for Windows 10 Version 1909 for x86-based Systems (KB5001406)",5001406,,True,04/13/2021 17:00:06,Windows 10 Version: 1909
e7fbb118-dd81-458a-85ef-b8a510fff541,200,"2021-04 Cumulative Update for Windows 10 Version 1909 for x64-based Systems (KB5001337)",5001337,,True,04/13/2021 17:00:06,Windows 10 Version: 1909
dc606b93-36c7-4b2b-acac-0399fa2e1686,200,"2021-04 Servicing Stack Update for Windows 10 Version 1909 for ARM64-based Systems (KB5001406)",5001406,,True,04/13/2021 17:00:06,Windows 10 Version: 1909
ab01572d-1cb9-46b3-8b67-66ff209551a2,200,"2021-04 Cumulative Update for Windows 10 Version 2004 for x86-based Systems (KB5001330)",5001330,,True,04/13/2021 17:00:10,Windows 10 Version: 2004
